## Data population ##
######################################################
#                       _                 _          #
#                      | |               | |         #
#    ___   ___   _ __  | |_   ___  _ __  | |_  ___   #
#   / __| / _ \ | '_ \ | __| / _ \| '_ \ | __|/ __|  #
#  | (__ | (_) || | | || |_ |  __/| | | || |_ \__ \  #
#   \___| \___/ |_| |_| \__| \___||_| |_| \__||___/  #
#                                                    #
######################################################

###	1. LIST OF TABLES THAT REQUIRED DATA POPULATION ###
#--------------------------------------------------------
# config
# countries
# hs_code
# ship_incoterms
# industries
# ship_order_status
# ports
# ship_shipment_types
# businesses
# ship_quotation_status
# ship_unit_of_measure
# terms_conditions
# hs_set
# user_types

### 2. LIST OF TABLES THAT NOT REQUIRED DATA POPULATION ###
#-----------------------------------------------------------
# ship_quotations
# logins
# ship_orders
# ship_containers
# customers
# logistic_providers


# Please run this section #
#----------------------------------------------------------------------------------------#

--
-- Truncating Data From All Table
--

SET FOREIGN_KEY_CHECKS=0;
TRUNCATE TABLE intuglo.businesses;
TRUNCATE TABLE intuglo.carts;
TRUNCATE TABLE intuglo.config;
TRUNCATE TABLE intuglo.ship_containers;
TRUNCATE TABLE intuglo.countries;
TRUNCATE TABLE intuglo.ship_custom_documents;
TRUNCATE TABLE intuglo.customers;
TRUNCATE TABLE intuglo.hs_code;
TRUNCATE TABLE intuglo.hs_code_set;
TRUNCATE TABLE intuglo.hs_set;
TRUNCATE TABLE intuglo.ship_incoterms;
TRUNCATE TABLE intuglo.industries;
TRUNCATE TABLE intuglo.logins;
TRUNCATE TABLE intuglo.ship_cargo_status;
TRUNCATE TABLE intuglo.ship_custom_status;
TRUNCATE TABLE intuglo.ship_payment_status;
TRUNCATE TABLE intuglo.ship_orders;
TRUNCATE TABLE intuglo.ship_packing_list;
TRUNCATE TABLE intuglo.payment_types;
TRUNCATE TABLE intuglo.platforms;
TRUNCATE TABLE intuglo.ports;
TRUNCATE TABLE intuglo.ship_quotation_handling_charges;
TRUNCATE TABLE intuglo.ship_quotation_status;
TRUNCATE TABLE intuglo.ship_quotations;
TRUNCATE TABLE intuglo.ship_seq_containers;
TRUNCATE TABLE intuglo.seq_merchants;
TRUNCATE TABLE intuglo.ship_seq_orders;
TRUNCATE TABLE intuglo.ship_seq_quotations;
TRUNCATE TABLE intuglo.ship_shipment_types;
TRUNCATE TABLE intuglo.logistic_providers;
TRUNCATE TABLE intuglo.terms_conditions;
TRUNCATE TABLE intuglo.ship_unit_of_measure;
TRUNCATE TABLE intuglo.user_platforms;
TRUNCATE TABLE intuglo.routes;
TRUNCATE TABLE intuglo.vessel;
TRUNCATE TABLE intuglo.custom_agent;
TRUNCATE table intuglo.profile_documents;
TRUNCATE TABLE intuglo.ship_container_types_size;
#TRUNCATE TABLE intuglo.user_types;
SET FOREIGN_KEY_CHECKS=1;




# Data population for ship_container_types table
INSERT INTO intuglo.ship_container_types (`container_id`, `container_type`) VALUES 
('1', 'Dry Standard'),
('2', 'Refrigerated'),
('3', 'Low Temperature');

INSERT INTO intuglo.user_types(`user_type_id`, `user_type`, `user_type_name`) VALUES 
('1', '0', 'Admin'),
('2', '1', 'Supplier'),
('3', '2', 'Customer'),
('4', '3', 'Custom Agent');

# Data population for ship_container_types_size table
INSERT INTO intuglo.ship_container_types_size (`container_id`, `container_type_id`, `description`) VALUES
('1','1','10 - Footer Standard Height Container'),
('2','1','20 - Footer Standard Height Container'),
('3','1','30 - Footer Standard Height Container'),
('4','1','10 - Footer Super Height Container'),
('5','1','20 - Footer Super Height Container'),
('6','1','40 - Footer Super Height Container'),
('7','2','Refrigerated Container'),
('8','3','Low Temperature Container');


# Data population for config table
INSERT INTO intuglo.config( config_key, config_value, updated_on ) VALUES ( 'mail-server-address', 'smtp.gmail.com', '2017-06-30 14:59:28.0' ); 
INSERT INTO intuglo.config( config_key, config_value, updated_on ) VALUES ( 'mail-server-port', '587', '2017-06-30 15:00:05.0' ); 
INSERT INTO intuglo.config( config_key, config_value, updated_on ) VALUES ( 'mail-server-Username', 'siroi.intuglo@gmail.com', '2017-06-30 15:00:41.0' ); 
INSERT INTO intuglo.config( config_key, config_value, updated_on ) VALUES ( 'mail-server-password', 'IntugloLogistics', '2017-06-30 15:01:15.0' ); 
INSERT INTO intuglo.config(config_key, config_value) values ('validity-days', '30');
INSERT INTO intuglo.config(config_key, config_value) values ('start-credit-block', '-9');
INSERT INTO intuglo.config(config_key, config_value) values ('end-credit-block', '-7');
INSERT INTO intuglo.config(config_key, config_value) values ('start-cargo-sent', '-9');
INSERT INTO intuglo.config(config_key, config_value) values ('end-cargo-sent', '-7');
INSERT INTO intuglo.config(config_key, config_value) values ('quotation-closed', '-8');
INSERT INTO intuglo.config(config_key, config_value) values ('start-warehouse-accept-cargo', '-9');
INSERT INTO intuglo.config(config_key, config_value) values ('end-warehouse-accept-cargo', '-5');
INSERT INTO intuglo.config(config_key, config_value) values ('start-upload-custom-declaration-document', '-open_days');
INSERT INTO intuglo.config(config_key, config_value) values ('end-upload-custom-declaration-document', '-8');
INSERT INTO intuglo.config(config_key, config_value) values ('booking-fee', '30');
INSERT INTO intuglo.config(config_key, config_value) values ('booking-fee-description', 'Transaction fee that need to be paid');
INSERT INTO intuglo.config(config_key, config_value) values ('quotation-upload-file-path', 'uploads/quotations');
INSERT INTO intuglo.config(config_key, config_value) values ('import-export-upload-file-path', 'uploads/import_export_license');
INSERT INTO intuglo.config(config_key, config_value) values ('business-license-upload-file-path', 'uploads/business_license');
INSERT INTO intuglo.config(config_key, config_value) values ('custom-upload-file-path', 'uploads/custom_file');
INSERT INTO intuglo.config(config_key, config_value) values ('serving-url-link', 'http://localhost:8000');
INSERT INTO intuglo.config(config_key, config_value) values ('profile-upload-file-path', 'uploads/logo');
INSERT INTO intuglo.config(config_key, config_value) values ('serving-url-s3', 'https://s3-ap-southeast-1.amazonaws.com');
INSERT INTO intuglo.config(config_key, config_value) values ('profile_picture_path', 'uploads/profile_pictures');
INSERT INTO intuglo.config(config_key, config_value) values ('merchandise_value_percentage', '0.5');
INSERT into intuglo.config (config_key,config_value) values ('profile_doc_file_path','/uploads/profiledoc');
INSERT INTO `config` (`config_key`,`config_value`,`updated_on`) VALUES ('s3-bucket-quotation','intuglo-quotation','2018-10-13 23:24:34');
INSERT INTO `config` (`config_key`,`config_value`,`updated_on`) VALUES ('s3-bucket-customdoc','intuglo-customdoc','2018-10-13 23:24:34');
INSERT INTO `config` (`config_key`,`config_value`,`updated_on`) VALUES ('s3-bucket-profiledoc','intuglo-profiledocuments','2018-10-13 23:24:34');
INSERT INTO `config` (`config_key`,`config_value`,`updated_on`) VALUES ('s3-bucket-profilepic','intuglo-profilepicture','2018-10-13 23:24:34');


# Data population for countries table
INSERT INTO intuglo.countries (`country_code`, `country_name`) VALUES
('AD', 'Andorra'),
('AE', 'United Arab Emirates'),
('AF', 'Afghanistan'),
('AG', 'Antigua and Barbuda'),
('AI', 'Anguilla'),
('AL', 'Albania'),
('AM', 'Armenia'),
('AO', 'Angola'),
('AQ', 'Antarctica'),
('AR', 'Argentina'),
('AS', 'American Samoa'),
('AT', 'Austria'),
('AU', 'Australia'),
('AW', 'Aruba'),
('AX', 'Åland Islands'),
('AZ', 'Azerbaijan'),
('BA', 'Bosnia and Herzegovina'),
('BB', 'Barbados'),
('BD', 'Bangladesh'),
('BE', 'Belgium'),
('BF', 'Burkina Faso'),
('BG', 'Bulgaria'),
('BH', 'Bahrain'),
('BI', 'Burundi'),
('BJ', 'Benin'),
('BL', 'Saint Barthélemy'),
('BM', 'Bermuda'),
('BN', 'Brunei Darussalam'),
('BO', 'Bolivia, Plurinational State of'),
('BQ', 'Bonaire, Sint Eustatius and Saba'),
('BR', 'Brazil'),
('BS', 'Bahamas'),
('BT', 'Bhutan'),
('BV', 'Bouvet Island'),
('BW', 'Botswana'),
('BY', 'Belarus'),
('BZ', 'Belize'),
('CA', 'Canada'),
('CC', 'Cocos (Keeling) Islands'),
('CD', 'Congo, the Democratic Republic ofthe'),
('CF', 'Central African Republic'),
('CG', 'Congo'),
('CH', 'Switzerland'),
('CI', 'Côte dIvoire'),
('CK', 'Cook Islands'),
('CL', 'Chile'),
('CM', 'Cameroon'),
('CN', 'China'),
('CO', 'Colombia'),
('CR', 'Costa Rica'),
('CU', 'Cuba'),
('CV', 'Cape Verde'),
('CW', 'Curaçao'),
('CX', 'Christmas Island'),
('CY', 'Cyprus'),
('CZ', 'Czech Republic'),
('DE', 'Germany'),
('DJ', 'Djibouti'),
('DK', 'Denmark'),
('DM', 'Dominica'),
('DO', 'Dominican Republic'),
('DZ', 'Algeria'),
('EC', 'Ecuador'),
('EE', 'Estonia'),
('EG', 'Egypt'),
('EH', 'Western Sahara'),
('ER', 'Eritrea'),
('ES', 'Spain'),
('ET', 'Ethiopia'),
('FI', 'Finland'),
('FJ', 'Fiji'),
('FK', 'Falkland Islands (Malvinas)'),
('FM', 'Micronesia, Federated States of'),
('FO', 'Faroe Islands'),
('FR', 'France'),
('GA', 'Gabon'),
('GB', 'United Kingdom'),
('GD', 'Grenada'),
('GE', 'Georgia'),
('GF', 'French Guiana'),
('GG', 'Guernsey'),
('GH', 'Ghana'),
('GI', 'Gibraltar'),
('GL', 'Greenland'),
('GM', 'Gambia'),
('GN', 'Guinea'),
('GP', 'Guadeloupe'),
('GQ', 'Equatorial Guinea'),
('GR', 'Greece'),
('GS', 'South Georgia and the South Sandwich Islands'),
('GT', 'Guatemala'),
('GU', 'Guam'),
('GW', 'Guinea-Bissau'),
('GY', 'Guyana'),
('HK', 'Hong Kong'),
('HM', 'Heard Island and McDonald Islands'),
('HN', 'Honduras'),
('HR', 'Croatia'),
('HT', 'Haiti'),
('HU', 'Hungary'),
('ID', 'Indonesia'),
('IE', 'Ireland'),
('IL', 'Israel'),
('IM', 'Isle of Man'),
('IN', 'India'),
('IO', 'British Indian Ocean Territory'),
('IQ', 'Iraq'),
('IR', 'Iran, Islamic Republic of'),
('IS', 'Iceland'),
('IT', 'Italy'),
('JE', 'Jersey'),
('JM', 'Jamaica'),
('JO', 'Jordan'),
('JP', 'Japan'),
('KE', 'Kenya'),
('KG', 'Kyrgyzstan'),
('KH', 'Cambodia'),
('KI', 'Kiribati'),
('KM', 'Comoros'),
('KN', 'Saint Kitts and Nevis'),
('KP', 'Korea, Democratic Republic of Peoples '),
('KR', 'Korea, Republic of'),
('KW', 'Kuwait'),
('KY', 'Cayman Islands'),
('KZ', 'Kazakhstan'),
('LA', 'Lao Peoples Democratic Republic'),
('LB', 'Lebanon'),
('LC', 'Saint Lucia'),
('LI', 'Liechtenstein'),
('LK', 'Sri Lanka'),
('LR', 'Liberia'),
('LS', 'Lesotho'),
('LT', 'Lithuania'),
('LU', 'Luxembourg'),
('LV', 'Latvia'),
('LY', 'Libya'),
('MA', 'Morocco'),
('MC', 'Monaco'),
('MD', 'Moldova, Republic of'),
('ME', 'Montenegro'),
('MF', 'Saint Martin (French part)'),
('MG', 'Madagascar'),
('MH', 'Marshall Islands'),
('MK', 'Macedonia, the Former Yugoslav Republic of'),
('ML', 'Mali'),
('MM', 'Myanmar'),
('MN', 'Mongolia'),
('MO', 'Macao'),
('MP', 'Northern Mariana Islands'),
('MQ', 'Martinique'),
('MR', 'Mauritania'),
('MS', 'Montserrat'),
('MT', 'Malta'),
('MU', 'Mauritius'),
('MV', 'Maldives'),
('MW', 'Malawi'),
('MX', 'Mexico'),
('MY', 'Malaysia'),
('MZ', 'Mozambique'),
('NA', 'Namibia'),
('NC', 'New Caledonia'),
('NE', 'Niger'),
('NF', 'Norfolk Island'),
('NG', 'Nigeria'),
('NI', 'Nicaragua'),
('NL', 'Netherlands'),
('NO', 'Norway'),
('NP', 'Nepal'),
('NR', 'Nauru'),
('NU', 'Niue'),
('NZ', 'New Zealand'),
('OM', 'Oman'),
('PA', 'Panama'),
('PE', 'Peru'),
('PF', 'French Polynesia'),
('PG', 'Papua New Guinea'),
('PH', 'Philippines'),
('PK', 'Pakistan'),
('PL', 'Poland'),
('PM', 'Saint Pierre and Miquelon'),
('PN', 'Pitcairn'),
('PR', 'Puerto Rico'),
('PS', 'Palestine, State of'),
('PT', 'Portugal'),
('PW', 'Palau'),
('PY', 'Paraguay'),
('QA', 'Qatar'),
('RE', 'Réunion'),
('RO', 'Romania'),
('RS', 'Serbia'),
('RU', 'Russian Federation'),
('RW', 'Rwanda'),
('SA', 'Saudi Arabia'),
('SB', 'Solomon Islands'),
('SC', 'Seychelles'),
('SD', 'Sudan'),
('SE', 'Sweden'),
('SG', 'Singapore'),
('SH', 'Saint Helena, Ascension and Tristan da Cunha'),
('SI', 'Slovenia'),
('SJ', 'Svalbard and Jan Mayen'),
('SK', 'Slovakia'),
('SL', 'Sierra Leone'),
('SM', 'San Marino'),
('SN', 'Senegal'),
('SO', 'Somalia'),
('SR', 'Suriname'),
('SS', 'South Sudan'),
('ST', 'Sao Tome and Principe'),
('SV', 'El Salvador'),
('SX', 'Sint Maarten (Dutch part)'),
('SY', 'Syrian Arab Republic'),
('SZ', 'Swaziland'),
('TC', 'Turks and Caicos Islands'),
('TD', 'Chad'),
('TF', 'French Southern Territories'),
('TG', 'Togo'),
('TH', 'Thailand'),
('TJ', 'Tajikistan'),
('TK', 'Tokelau'),
('TL', 'Timor-Leste'),
('TM', 'Turkmenistan'),
('TN', 'Tunisia'),
('TO', 'Tonga'),
('TR', 'Turkey'),
('TT', 'Trinidad and Tobago'),
('TV', 'Tuvalu'),
('TW', 'Taiwan, Province of China'),
('TZ', 'Tanzania, United Republic of'),
('UA', 'Ukraine'),
('UG', 'Uganda'),
('UM', 'United States Minor Outlying Islands'),
('US', 'United States'),
('UY', 'Uruguay'),
('UZ', 'Uzbekistan'),
('VA', 'Holy See (Vatican City State)'),
('VC', 'Saint Vincent and the Grenadines'),
('VE', 'Venezuela, Bolivarian Republic of'),
('VG', 'Virgin Islands, British'),
('VI', 'Virgin Islands, U.S.'),
('VN', 'Viet Nam'),
('VU', 'Vanuatu'),
('WF', 'Wallis and Futuna'),
('WS', 'Samoa'),
('YE', 'Yemen'),
('YT', 'Mayotte'),
('ZA', 'South Africa'),
('ZM', 'Zambia'),
('ZW', 'Zimbabwe');

# Data population for incoterms
INSERT INTO intuglo.ship_incoterms( incoterm_code, description, is_active, updated_on, cargo_pickup ) VALUES ( 'CIF', 'Cost, Insurance & Freight', 1, '2017-09-07 17:38:42.0', '1' ); 
INSERT INTO intuglo.ship_incoterms( incoterm_code, description, is_active, updated_on, cargo_pickup ) VALUES ( 'DAP', 'Delivered At Place', 1, '2017-09-07 17:39:05.0', '1' ); 
INSERT INTO intuglo.ship_incoterms( incoterm_code, description, is_active, updated_on, cargo_pickup ) VALUES ( 'FOB', 'Free on Board', 1, '2017-09-07 17:38:21.0', '1' ); 
INSERT INTO `intuglo`.`ship_incoterms` (`incoterm_code`, `description`, `is_active`, `cargo_pickup`, `updated_on`) VALUES ('EXW', 'ExWorks', '1', '0', '2017-09-07 17:38:21');
INSERT INTO `intuglo`.`ship_incoterms` (`incoterm_code`, `description`, `is_active`, `cargo_pickup`, `updated_on`) VALUES ('FCA', 'Free Carrier', '1', '0', '2017-09-07 17:38:21');
INSERT INTO `intuglo`.`ship_incoterms` (`incoterm_code`, `description`, `is_active`, `cargo_pickup`, `updated_on`) VALUES ('FAS', 'Free Alongside Ship', '1', '0', '2017-09-07 17:38:21');
INSERT INTO `intuglo`.`ship_incoterms` (`incoterm_code`, `description`, `is_active`, `cargo_pickup`, `updated_on`) VALUES ('CPT', 'Carriage Paid To', '1', '1', '2017-09-07 17:38:21');
INSERT INTO `intuglo`.`ship_incoterms` (`incoterm_code`, `description`, `is_active`, `cargo_pickup`, `updated_on`) VALUES ('CFR', 'Cost and Freight', '1', '1', '2017-09-07 17:38:21');
INSERT INTO `intuglo`.`ship_incoterms` (`incoterm_code`, `description`, `is_active`, `cargo_pickup`, `updated_on`) VALUES ('DAF', 'Deliver At Frontier', '1', '1', '2017-09-07 17:38:21');
INSERT INTO `intuglo`.`ship_incoterms` (`incoterm_code`, `description`, `is_active`, `cargo_pickup`, `updated_on`) VALUES ('CIP', 'Carriage and Insurance Paid', '1', '1', '2017-09-07 17:38:21');
INSERT INTO `intuglo`.`ship_incoterms` (`incoterm_code`, `description`, `is_active`, `cargo_pickup`, `updated_on`) VALUES ('DDP', 'Delivered Duty Paid', '1', '1', '2017-09-07 17:38:21');

# Data population for industries
INSERT INTO intuglo.industries(Industry_id,Industry_name) VALUES 
('AG','Agriculture, Forestry & Wildlife'),
('AC','Architecture & Construction'),
('AA','Arts & Artist'),
('BP','Beauty & Personal Care'),
('BF','Business & Finance'),
('CE','Computer & Electronics'),
('EC','E-Commerce'),
('ET','Education & Tranings'),
('EE','Entertainment & Events'),
('FF','Furniture & Fittings'),
('GB','Gambling'),
('GA','Games'),
('GV','Government'),
('HF','Health & Fitness'),
('HB','Hobbies'),
('HG','Home & Garden'),
('MA','Marketing & Advertising'),
('MP','Media & Publishing'),
('MD','Medical, Dental & Healthcare'),
('MG','Mining'),
('PH','Pharmaceutical'),
('RC','Restaurants & Catering'),
('IT','IT'),
('HY','Hospitality'),
('TS','Transportation & Storage'),
('TL','Telecommunications'),
('OT','Others');


# Data population for businesses
INSERT INTO intuglo.businesses( business_id, business_name, industry_id ) VALUES
( 'AM', 'Accommodation', '' ),
( 'AT', 'Accountants', '' ),
( 'AA', 'Advertisement Agencies', '' ),
( 'AS', 'Agencies', '' ),
( 'AI', 'Air', '' ),
( 'AG', 'Apparel, Garments & Accessories', '' ),
( 'AR', 'Architect', '' ),
( 'AC', 'Art & Crafts', '' ),
( 'AP', 'Art Piece / Paintings', '' ),
( 'AY', 'Art Stationery', '' ),
( 'AU', 'Autootive, Parts & Components', '' ),
( 'BK', 'Banks', '' ),
( 'BV', 'Beverages', '' ),
( 'BI', 'Biomass', '' ),
( 'BO', 'Books', '' ),
( 'CN', 'Casino', '' ),
( 'CM', 'Chemical, Minerals & Alloys', '' ),
( 'CC', 'Childcare Centre', '' ),
( 'CI', 'Cinemas', '' ),
( 'CL', 'Clubs', '' ),
( 'CH', 'Computer Hardware & Parts', '' ),
( 'CS', 'Computer Software & Application (Mobile & Web)', '' ),
( 'CT', 'Construction', '' ),
( 'CO', 'Cosmetics', '' ),
( 'CA', 'Creative Agencies', '' ),
( 'DP', 'Defence Products & Equipment', '' ),
( 'DE', 'Dentist', '' ),
( 'DT', 'Department', '' ),
( 'EA', 'Enertainment Centres for Adults', '' ),
( 'EK', 'Entertainment Centres for Kids', '' ),
( 'EH', 'Event Hall', '' ),
( 'FM', 'Farming', '' ),
( 'FA', 'Fashion & Fashion Accessories', '' ),
( 'FI', 'Fishery', '' ),
( 'FC', 'Fitness Centre', '' ),
( 'FE', 'Fitness Equipment & Gears', '' ),
( 'FT', 'Footwear', '' ),
( 'FO', 'Forest Operation', '' ),
( 'FR', 'Franchise', '' ),
( 'FU', 'Furniture', '' ),
( 'GS', 'Gift, Sovenir & Jewellery', '' ),
( 'GL', 'Gloves', '' ),
( 'GV', 'Government link companies', '' ),
( 'GC', 'Gymnasium Centre', '' ),
( 'HC', 'Hair Care', '' ),
( 'HD', 'Home Decoration', '' ),
( 'HE', 'Home Electronics', '' ),
( 'HO', 'Hospital', '' ),
( 'HP', 'Household Products', '' ),
( 'IC', 'ICT', '' ),
( 'IE', 'Industrial Electronics', '' ),
( 'IN', 'Insurance', '' ),
( 'KS', 'Knit, Sewing & Tailoring', '' ),
( 'LD', 'Land', '' ),
( 'LS', 'Land Surveyor', '' ),
( 'LP', 'Landscaping', '' ),
( 'LG', 'Legal', '' ),
( 'LO', 'Logging', '' ),
( 'ME', 'Machinery, Equipment & Automation', '' ),
( 'MG', 'Magazine', '' ),
( 'MA', 'Manufacturing', '' ),
( 'MR', 'Maritime', '' ),
( 'MF', 'Marketing Agencies', '' ),
( 'MP', 'Marketplace', '' ),
( 'MC', 'Medical Centre', '' ),
( 'MT', 'Merchant', '' ),
( 'MS', 'Ministries', '' ),
( 'MB', 'Mobile Accessories', '' ),
( 'MM', 'Mobile Phones & Equipments', '' ),
( 'MO', 'Movies', '' ),
( 'MH', 'Musical Schools', '' ),
( 'NW', 'News', '' ),
( 'NP', 'Nursery Plants', '' ),
( 'NG', 'Nutrition & General Health Care', '' ),
( 'OO', 'Oil & Gas Operation', '' ),
( 'OP', 'Oil & Gas Products', '' ),
( 'OR', 'Orchard', '' ),
( 'OU', 'Outlets', '' ),
( 'PC', 'Packaging & Containers', '' ),
( 'PO', 'Palm Oil Products', '' ),
( 'PE', 'Personal Care', '' ),
( 'PL', 'Plastic Products', '' ),
( 'PF', 'Prepared Food', '' ),
( 'PD', 'Primary Education', '' ),
( 'QB', 'Quality Control Body', '' ),
( 'QS', 'Quality Control Specialist', '' ),
( 'QO', 'Quarry Operation', '' ),
( 'RE', 'Recreations', '' ),
( 'RT', 'Retail', '' ),
( 'RO', 'Robotic', '' ),
( 'RU', 'Rubber Products', '' ),
( 'SE', 'Secondary Education', '' ),
( 'SC', 'Skin Care', '' ),
( 'SA', 'Software Application', '' ),
( 'SN', 'Special Need Schools', '' ),
( 'SW', 'Sports wear & gear', '' ),
( 'ST', 'Stationery', '' ),
( 'SH', 'Supplies & Hardware - Bricks, Stones & Cement', '' ),
( 'SP', 'Supplies & Hardware - Electrical Parts & Tools', '' ),
( 'SD', 'Supplies & Hardware - furniture parts & decorative', '' ),
( 'SI', 'Supplies & Hardware - Interior Decoration', '' ),
( 'SS', 'Supplies & Hardware - Steel bar, BRCs & Metal', '' ),
( 'TL', 'Telecommunication', '' ),
( 'TE', 'Tertiary Education', '' ),
( 'TY', 'Textile, Yarns & Other Materials', '' ),
( 'TS', 'Toys & Sports Equipment', '' ),
( 'TC', 'Training Centres', '' ),
( 'TP', 'Transprotation Equipent & Parts', '' ),
( 'TT', 'Travel and Tours', '' ),
( 'TV', 'TV stations', '' ),
( 'WA', 'Warehousing', '' ),
( 'WH', 'Wholesale', '' ),
( 'WO', 'Wood Products', '' );

# Data population for ports
INSERT INTO intuglo.ports(port_id, port_name, country_code, is_active) values('1', 'MYPKG, Port Klang, Malaysia', 'MY', '1');
INSERT INTO intuglo.ports(port_id, port_name, country_code, is_active) values('2', 'CNSZX, Shenzhen Port, China', 'CH', '1');
INSERT INTO intuglo.ports(port_id, port_name, country_code, is_active) values('3', 'CNSHA, Shanghai, China', 'CH', '1');
INSERT INTO intuglo.ports(port_id, port_name, country_code, is_active) values('4', 'MYTPS, Tanjung Pelepas, Malaysia', 'MY', '1');
INSERT INTO intuglo.ports(port_id, port_name, country_code, is_active) values('5', 'USLAS, Los Angeles, U.S.A', 'US', '1');
INSERT INTO intuglo.ports(port_id, port_name, country_code, is_active) values('6', 'USLBH, Long Beach, U.S.A', 'US', '1');
INSERT INTO intuglo.ports(port_id, port_name, country_code, is_active) values('7', 'AUSSH, Sydney Harbour, Australia', 'AU', '1');
INSERT INTO intuglo.ports(port_id, port_name, country_code, is_active) values('8', 'AUSPW, Port Weld, Australia', 'AU', '1');
INSERT INTO intuglo.ports(port_id, port_name, country_code, is_active) values('9', 'CHXMN, Xiamen, China', 'CH', '1');
INSERT INTO intuglo.ports(port_id, port_name, country_code, is_active) values('10', 'MYPNG, Penang, Malaysia', 'MY', '1');

# Data population for shipment_types
INSERT INTO intuglo.ship_shipment_types( shipment_type_id, shipment_type, is_active ) VALUES ( 1, 'Ship', 1 ); 
INSERT INTO intuglo.ship_shipment_types( shipment_type_id, shipment_type, is_active ) VALUES ( 2, 'Flight', 1 );

# Data population for quotation_status
INSERT INTO intuglo.ship_quotation_status(quotation_status_id, quotation_status_description) values('DRAFT', 'Draft');
INSERT INTO intuglo.ship_quotation_status(quotation_status_id, quotation_status_description) values('PENDINGAPPROVAL', 'Pending Approval');
INSERT INTO intuglo.ship_quotation_status(quotation_status_id, quotation_status_description) values('APPROVED', 'Approved');
INSERT INTO intuglo.ship_quotation_status(quotation_status_id, quotation_status_description) values('ACTIVE', 'Active');
INSERT INTO intuglo.ship_quotation_status(quotation_status_id, quotation_status_description) values('CLOSED', 'Closed');
INSERT INTO intuglo.ship_quotation_status(quotation_status_id, quotation_status_description) values('ARCHIVED', 'Archived');
INSERT INTO intuglo.ship_quotation_status(quotation_status_id, quotation_status_description) values('DELETED', 'Deleted');

# Data population for email_template
INSERT INTO `intuglo`.`email_template` (`template_id`, `template_name`, `status`, `recipient`, `email_subject`, `email_body`) VALUES 
(1,'Customer Registration Verification e-mail', '' , 'Customer / Seller', 'Thank you for your Subscription', 'Congratulations!
 
 You have successfully subscribed to …….. Your temporary password is ……….
 
 We would advise you to change to a new password of your own choosing immediately or at the earliest opportunity. This is to ensure that your access is kept secured at all times. Please click the button below to activate your account.
 
 You are now ready to go global with Intuglo!
 
 Thank you.
 Intuglo Sales Team' ),
(2,'Forgotten Password', '' , 'Customer / Seller', 'Password Update', 'Can’t remember your password? No worries! Please check your email for instructions on how to reset your password. Click the link below to proceed.
 
 Link to reset password: (link)
 
 If you did not receive the email after 10 minutes, please check your spam folder or call our friendly Customer Service at (number). You can also click on the link to reset the password and try again.' ),
(3,'Change Password', '' , 'Customer / Seller', 'Change Password', '
Great job! You have successfully changed your password. Should you have any difficulty to login to your account, please email to customerservice@intuglo.com or call us at (….)
 
 Thank you.
 Intuglo Customer Service Team' ),
(4,'Upon Order', '' , 'Customer', 'Thank you for your Order', '
We are happy that you have chosen us to be your trusted supply chain partner.
 
 Please find some information below to guide you through the entire process of ordering and shipping your products.
 
 *Insert the same items as the order Pop-up
 
 Please adhere to the dates above accordingly to ensure your order is processed on time.
 
 Thank you,
 Intuglo Sales Team' ),
(5,'Upon set up quotation', '' , 'Seller', 'Thank you for your Quotation', '
You are all set to engage with your trusted customers on Intuglo! Please get ready to receive your orders.
 
 The following is the quotation (s) to secure new consolidation.
 
 Quotation ID: …
 Quotation Reference: …
 Containers for Sale: …
 ETD: …
 ETA: …
 Departure Port: …
 Arrival Port: …
 
 Click on the link: … to access your quotation.
 
 Thank you.
 Intuglo Business Development Team' ),
(6,'Custom Document Upload', '' , 'Buyer', 'Please Upload your Documents', '
Hello. We noticed that you have not completed uploading the required documents for Custom Clearance for (ORDER ID). Please upload them immediately.
 
 
 The last day for you to complete the upload is (DATE – 5 days from ETD). Failure to do so within the stated timeline may lead to an incomplete processing of your order. This will delay or lead to a cancellation of your shipment.
 
 Please take note that you shall bear any charges that may arise from failure to complete this process.
 
 Please ignore this email if you have completed the process.
 
 Thank you.
 Intuglo Operation Team' ),
(7,'Cargo Sending', 'Cargo Sent' , 'Buyer', 'Please Send your Cargo to the warehouse address', '
Hello. We noticed that you did not click on ‘CARGOSENT’. Failure to do so may delay delivery of your cargo to the warehouse with the address stated on the Order Confirmation Note. You might also have forgotten to inform us of this. Please do so immediately to avoid any delay.
 
 It is important that you remember to click on ‘Cargo Sent’ as we need to be notified. This will allow us to ensure your order is processed.
 
 Thank you.
 Intuglo Operation Team' ),
(8,'Authorise Payment Block', '' , 'Buyer', 'Please authorise payment block for your order "Order ID"', '
Thank you for your order ‘Oder ID’ which is a shipment from ‘Country’ to ‘Country’.
 
 
 We noticed that you did not authorise a credit block for us to process your order.
 
 Please click on the link: …. to complete the authorisation.
 
 The authorisation is required for us to confirm the allocation of space for your order on ‘Vessel Name’. Please note that the authorisation is only to block your credit and does not involve the transfer of money from your account to ours. The actual transfer of money will only occur at the end of the entire booking process. This is when the quotation is closed and all orders are successfully processed. This ensures all shared prices are leveraged for all successful orders.
 
 The unutilised credit will be released once the actual transfer of money occurs.
 
 For further information or clarification, please contact your bank or call our Customer Service at (PHONE NUMBER).
 
 Thank you.
 Intuglo Operation Team' ),
(9,'Quotation Closing Soon', '' , 'All', 'Quotation will be closing in 5 days', '
Quotation ‘ID’ closes in 5 days.
 
 If you have not conducted a search for on boarding for this shipment, please do so immediately.
 
 
 If you have done so, please ensure that you have completed the required processes for a safe delivery of your cargo.
 
 Please confirm that your cargo has arrived at the warehouse with the address stated on the Order Confirmation Note.
 
 If you have not completed the required shipping processes, please click on the link: ….
 
 Welcome onboard Intuglo and we look forward to your next order!
 
 Thank you.
 Intuglo Operation Team' ),
(10,'Quotation Closed!', '' , 'Buyer / Seller / Custom Agent', 'Quotation Closed!', '
Quotation ‘ID’ is closed!
 
 All successful orders will be boarded on ‘VESSEL NAME’ on ‘ETD’.
 
 Please note that FINAL PAYMENT will be deducted from the earlier pre-authorised credit block.
 
 The unutilised credit will be released when the money is transferred.
 
 Thank you for using our service. We look forward to your next order!
 
 Intuglo Operation Team' ),
(11,'Final Shipment Confirmation', '' , 'Buyer', 'Your place on board "Vessel Name" is confirmed!', '
We are pleased to inform you that your booking ‘ORDER ID’ is confirmed to be onboard ‘VESSEL NAME’.
 
 Please take note of the arrival date to ensure a smooth delivery of your cargo.
 
 Thank you.
 Intuglo Operation Team' ),
(12,'Successful custom Clearance', 'CARGOCLEAREDDEPARTURE,CARGGOCLEAREDARRIVAL' , 'Buyer', 'Your cargo cleared custom!', '
Congratulations! You are just one step away from completing your order.
 
 Please note that your cargo has cleared the local custom check. Please ensure that the necessary arrangement is made to deliver the cargo to the designated destination.
 
 Thank you for trusting Intuglo. We look forward to your next shipment.
 
 Intuglo Operation Team' ),
(13,'Final Payment successfully deducted and balance released.', 'CREDITDEDUCTED' , 'Buyer', 'Final Pyment Successfully deducted and balance released.', '
Hello. The final payment of RMxxxx has been successfully deducted and the balance reverted to your account.
 
 Thank you for shipping with Intuglo. We look forward to your next shipment.
 
 Thank you.
 Intuglo Operation Team' ),
(14,'Payment List is ready', 'CREDITDEDUCTED' , 'Seller', 'Payment List is ready for confirmation', '
The list of payment for shipment XXXX is ready. Please check and confirm. Click on the link: … to access the list.
 
 Please take note that we will only release payment upon confirmation of acceptance of the amount stated by your good self. Once confirmed, we will proceed to remit/bank-in the amount to your account as per the details stated on your profile. We will NOT entertain any claims once you have confirmed your acceptance of the payment list.
 
 Thank you.
 Intuglo Finance Team' ),
(15,'Payment of 50% ', 'CREDITBLOCKED' , 'Seller', '', '
Thank you for another successful shipment!
 
 Please note payment of 50% of the stated amount has been remitted/banked-in to your account as per the details on your profile. Please check your account.
 
 For your information, the bank takes 3 working days to clear the payment. In the event you did not receive the payment after 3 days, please call +603-78322188. Our account payable team shall provide the necessary clarification.
 
 Thank you.
 Intuglo Finance Team' ),
(16,'Payment of 40% ', 'CREDITBLOCKED' , 'Seller', 'Payment of final 40% is made to your account', '
Thank you for another successful shipment!
 
 Please note that the final payment of 40% of the stated amount has been remitted/banked-in to your account as per the details on your profile. Please check your account.
 
 For your information, the bank takes 3 working days to clear the payment. In the event you did not receive the payment after 3 days, please call +603-78322188. Our account payable team shall provide the necessary clarification.
 
 Thank you.
 Intuglo Finance Team' );
 
 
 
# Data population for cargo_status
insert into intuglo.ship_cargo_status (cargo_status_code, cargo_status_description) VALUES
('ORDERBOOKED', 'Order Booked'),
('ORDERCANCELLED', 'Order Cancelled'),
('CARGODELIVERED', 'Cargo Delivered'),
('ORDERDROPPED', 'Order Dropped'),
('CARGOPICKUP', 'Cargo Pickup'),
('ORDERPLACED', 'Order Placed'),
('CARGOREADYFORPICKUP', 'Cargo Ready For Pickup'),
('CARGORECEIVED', 'Cargo Received'),
('CARGOSENT', 'Cargo Sent'),
('CARGOSHIPPED', 'Cargo Shipped'),
('SHIPMENTCOMPLETED', 'Shipment Completed'),
('LOCKEDIN', 'Cargo Locked In'),
('HOLDBYCUSTOM', 'Hold By Custom'),
('CARGORELEASED', 'Cargo Released'),
('CARGOCLEAREDDEPARTURE', 'Cargo Cleared At Departure'),
('CONTAINERSEALED', 'Container Sealed'),
('REJECTEDBYCUSTOM','Rejected By Custom'),
('CARGOCLEAREDARRIVAL','Cargo Cleared At Arrival');

# Data population for custom_status
INSERT INTO `intuglo`.`ship_custom_status` (`custom_status_code`, `custom_status_description`) VALUES ('CLEARINGCUSTOMDEPARTURE', 'Clearing Custom At Departure');
INSERT INTO `intuglo`.`ship_custom_status` (`custom_status_code`, `custom_status_description`) VALUES ('CLEARINGCUSTOMARRIVAL', 'Clearing Custom At Arrival');
INSERT INTO `intuglo`.`ship_custom_status` (`custom_status_code`, `custom_status_description`) VALUES ('HOLDBYCUSTOM', 'Hold By Custom');
INSERT INTO `intuglo`.`ship_custom_status` (`custom_status_code`, `custom_status_description`) VALUES ('REJECTEDBYCUSTOM', 'Rejected By Custom');
INSERT INTO `intuglo`.`ship_custom_status` (`custom_status_code`, `custom_status_description`) VALUES ('CARGORELEASED', 'Cargo Released By Custom');
INSERT INTO `intuglo`.`ship_custom_status` (`custom_status_code`, `custom_status_description`) VALUES ('CARGOCLEAREDDEPARTURE', 'Cargo Cleared At Departure');
INSERT INTO `intuglo`.`ship_custom_status` (`custom_status_code`, `custom_status_description`) VALUES ('CARGOCLEAREDARRIVAL', 'Cargo Cleared At Arrival');
INSERT INTO `intuglo`.`ship_custom_status` (`custom_status_code`, `custom_status_description`) VALUES ('SHIPMENTCOMPLETED', 'Shipment Completed');
INSERT INTO `intuglo`.`ship_custom_status` (`custom_status_code`, `custom_status_description`) VALUES ('CARGODELIVERED', 'Cargo Delivered');
INSERT INTO `intuglo`.`ship_custom_status` (`custom_status_code`, `custom_status_description`) VALUES ('CLEARINGCUSTOM', 'Clearing Custom');
INSERT INTO `intuglo`.`ship_custom_status` (`custom_status_code`, `custom_status_description`) VALUES ('CARGOSHIPPED', 'Cargo Shipped');
INSERT INTO `intuglo`.`ship_custom_status` (`custom_status_code`, `custom_status_description`) VALUES ('CARGORECEIVED', 'Cargo Received');
INSERT INTO `intuglo`.`ship_custom_status` (`custom_status_code`, `custom_status_description`) VALUES ('CARGOPICKUP', 'Cargo Pickup');



# Data population for payment_status
INSERT INTO `intuglo`.`ship_payment_status` (`payment_status_code`, `payment_status_description`) VALUES ('CREDITBLOCKED', 'Credit Blocked');
INSERT INTO `intuglo`.`ship_payment_status` (`payment_status_code`, `payment_status_description`) VALUES ('CREDITDEDUCTED', 'Credit Deducted');
INSERT INTO `intuglo`.`ship_payment_status` (`payment_status_code`, `payment_status_description`) VALUES ('CONFIRMPAYMENTAMOUNT', 'Confirm Payment Amount');

#  Data population for unit_of_measure
INSERT INTO intuglo.ship_unit_of_measure(unit_of_measure_id, unit_of_measure_description) values('1', 'per container');
INSERT INTO intuglo.ship_unit_of_measure(unit_of_measure_id, unit_of_measure_description) values('2', 'per shipment');
INSERT INTO intuglo.ship_unit_of_measure(unit_of_measure_id, unit_of_measure_description) values('3', 'per order');
INSERT INTO intuglo.ship_unit_of_measure(unit_of_measure_id, unit_of_measure_description) values('4', 'per CBM');
INSERT INTO intuglo.ship_unit_of_measure(unit_of_measure_id, unit_of_measure_description) values('5', 'per percentage');


# Data population for logins table
INSERT INTO intuglo.logins(email,password,is_active,user_type) VALUES ('admin@intuglo.com','$2b$12$rJlU37OE0nA6KDzRfjOkQ.DqFleyy3gmEjDyB3h9FVggSFDy4UrTi',1,0);

# Data population for terms_conditions table
INSERT INTO intuglo.terms_conditions(tc_type,terms_conditions_text,created_by) VALUES (1,'The Intellectual Property disclosure will inform users that the contents, logo and other visual media you created is your property and is protected by copyright laws.',1);
INSERT INTO intuglo.terms_conditions(tc_type,terms_conditions_text,created_by) VALUES (2,'PLEASE NOTE THAT YOUR USE OF AND ACCESS TO OUR SERVICES (DEFINED BELOW) ARE SUBJECT TO THE FOLLOWING TERMS; IF YOU DO NOT AGREE TO ALL OF THE FOLLOWING, YOU MAY NOT USE OR ACCESS THE SERVICES IN ANY MANNER.

Welcome to Intuglo Logistics. Please read on to learn the rules and restrictions that govern your use of our website(s), products, services and applications (the “Services”). If you have any questions, comments, or concerns regarding these terms or the Services, please contact us at support@goIntuglo Logistics.com.

These Terms of Use (the “Terms”) are a binding contract between you and Popout, Inc. d/b/a Intuglo Logistics. (“Intuglo Logistics,” “we” and “us”). You must agree to and accept all of the Terms, or you don’t have the right to use the Services. Your use of the Services in any way means that you agree to all of these Terms, and these Terms will remain in effect while you use the Services. These Terms include the provisions in this document, as well as those in the Privacy Policy.

Will these Terms ever change?

We are constantly trying to improve our Services, so these Terms may need to change along with the Services. We reserve the right to change the Terms at any time. If the changes materially impacts the Terms, we will use reasonable efforts to bring it to your attention by placing a notice on the Intuglo Logistics website, by sending you an email, and/or by some other means.

If you don’t agree with the new Terms, you are free to reject them; unfortunately, that means you will no longer be able to use the Services. If you use the Services in any way after a change to the Terms is effective, that means you agree to all of the changes.

Except for changes by us as described here, no other amendment or modification of these Terms will be effective unless in writing and signed by both you and us.

What about my privacy?

Intuglo Logistics takes the privacy of its users very seriously. For the current Intuglo Logistics Privacy Policy, please click here.

The Children’s Online Privacy Protection Act (“COPPA”) requires that online service providers obtain parental consent before they knowingly collect personally identifiable information online from children who are under 13. We do not knowingly collect or solicit personally identifiable information from children under 13; if you are a child under 13, please do not attempt to register for the Services or send any personal information about yourself to us. If we learn we have collected personal information from a child under 13, we will delete that information as quickly as possible. If you believe that a child under 13 may have provided us personal information, please contact us at support@goIntuglo Logistics.com.

What are the basics of using Intuglo Logistics?

Intuglo Logistics’s Services allow you to find, compare, select and buy courier services for shipping documents and goods nationally and internationally. You may use the Services to purchase postage from a third-party mail service or courier (“Courier”) and Intuglo Logistics will provide you with the appropriate evidence of postage, for example a shipping label, to use with your shipments. Intuglo Logistics serves as an intermediary between you and your selected Courier. Intuglo Logistics does not transport or deliver shipments and Intuglo Logistics is not a party to any contract you form with a Courier to pick up, transport, or deliver your shipments.

You may be required to sign up for an account, and select a password and user name (“Intuglo Logistics User ID”). You promise to provide us with accurate, complete, and updated registration information about yourself. You may not select as your Intuglo Logistics User ID a name that you don’t have the right to use, or another person’s name with the intent to impersonate that person. You may not transfer your account to anyone else without our prior written permission.',1);
insert into intuglo.terms_conditions(tc_type,terms_conditions_text,created_by) values(3,'The Intellectual Property disclosure will inform users that the contents, 
logo and other visual media you created is your property and is protected by copyright laws.PLEASE NOTE THAT YOUR USE OF AND ACCESS TO OUR SERVICES (DEFINED BELOW) ARE SUBJECT TO THE FOLLOWING TERMS; 
IF YOU DO NOT AGREE TO ALL OF THE FOLLOWING, YOU MAY NOT USE OR ACCESS THE SERVICES IN ANY MANNER.',1);

# You can choose whether to run or not this section #
#--------------------------------------------------------------#
# Data population for logins
INSERT INTO intuglo.logins(login_id, email, password, is_active, created_on, created_by, user_type, need_change_password, is_on_boarded, token_id, token_validity, merchant_id) values('3', 'customer@gmail.com', '$2b$12$rJlU37OE0nA6KDzRfjOkQ.DqFleyy3gmEjDyB3h9FVggSFDy4UrTi', '1', '2018-03-29 16:21:45', '0', '2', '0', '1', NULL, NULL, 'MLMCTXS00001C');
INSERT INTO intuglo.logins(login_id, email, password, is_active, created_on, created_by, user_type, need_change_password, is_on_boarded, token_id, token_validity, merchant_id) values('2', 'supplier@gmail.com', '$2b$12$rJlU37OE0nA6KDzRfjOkQ.DqFleyy3gmEjDyB3h9FVggSFDy4UrTi', '1', '2018-03-29 16:48:57', '0', '1', '0', '1', NULL, NULL, 'MLAGPEC00002S');
INSERT INTO intuglo.logins(login_id, email, password, is_active, created_on, created_by, user_type, need_change_password, is_on_boarded, token_id, token_validity, merchant_id) values('4', 'stagingcustomer@gmail.com', '$2b$12$rJlU37OE0nA6KDzRfjOkQ.DqFleyy3gmEjDyB3h9FVggSFDy4UrTi', '1', '2018-03-29 16:21:45', '0', '2', '0', '0', NULL, NULL, 'cust');
INSERT INTO intuglo.logins(login_id, email, password, is_active, created_on, created_by, user_type, need_change_password, is_on_boarded, token_id, token_validity, merchant_id) values('5', 'stagingsupplier@gmail.com', '$2b$12$rJlU37OE0nA6KDzRfjOkQ.DqFleyy3gmEjDyB3h9FVggSFDy4UrTi', '1', '2018-03-29 16:48:57', '0', '1', '0', '0', NULL, NULL, 'supp');
INSERT INTO intuglo.logins(login_id, email, password, is_active, created_on, created_by, user_type, need_change_password, is_on_boarded, token_id, token_validity, merchant_id) values('6', 'devcustomer@gmail.com', '$2b$12$rJlU37OE0nA6KDzRfjOkQ.DqFleyy3gmEjDyB3h9FVggSFDy4UrTi', '1', '2018-03-29 16:21:45', '0', '2', '0', '0', NULL, NULL, 'cust');
INSERT INTO intuglo.logins(login_id, email, password, is_active, created_on, created_by, user_type, need_change_password, is_on_boarded, token_id, token_validity, merchant_id) values('7', 'devsupplier@gmail.com', '$2b$12$rJlU37OE0nA6KDzRfjOkQ.DqFleyy3gmEjDyB3h9FVggSFDy4UrTi', '1', '2018-03-29 16:48:57', '0', '1', '0', '0', NULL, NULL, 'supp');
INSERT INTO `intuglo`.`logins` (`login_id`, `email`, `password`, `is_active`, `created_on`, `created_by`, `user_type`, `need_change_password`, `is_on_boarded`, `token_validity`, `merchant_id`) VALUES ('8', 'customagent@gmail.com', '$2b$12$rJlU37OE0nA6KDzRfjOkQ.DqFleyy3gmEjDyB3h9FVggSFDy4UrTi', '1', '2018-03-29 16:48:57', '0', '3', '0', '1', '2018-07-25 14:25:17', 'MLCATCY00003A');
INSERT INTO `intuglo`.`custom_agent` (`custom_agent_id`, `login_id`, `agent_name`, `country_code`, `business_id`, `tc_id`, `industry_id`) VALUES ('1', '8', 'Bulbadia', 'CH', 'SB', '2', 'CI');


# Data population for customers
INSERT INTO intuglo.customers(customer_id, login_id, customer_name, mobile_no, country_code, business_id, address_line_one, company_name, company_registration_no, official_email, website, office_phone, office_fax, association_club, nature_of_business, tc_id, timezone, import_export_license, business_license) values('1', '3', 'customer', '0123456789', 'MY', 'FM', 'Kuala Lumpur', 'XYZ Sdn Bhd', NULL, 'abc@gmail.com', NULL, NULL, NULL, NULL, NULL, '2', NULL, NULL, NULL);
INSERT INTO intuglo.customers(customer_id, login_id, customer_name, mobile_no, country_code, business_id, address_line_one, company_name, company_registration_no, official_email, website, office_phone, office_fax, association_club, nature_of_business, tc_id, timezone, import_export_license, business_license) values('2', '4', 'customer', '0123456789', 'MY', 'MA', 'Kuala Lumpur', 'XYZ Sdn Bhd', NULL, 'abc@gmail.com', NULL, NULL, NULL, NULL, NULL, '2', NULL, NULL, NULL);
INSERT INTO intuglo.customers(customer_id, login_id, customer_name, mobile_no, country_code, business_id, address_line_one, company_name, company_registration_no, official_email, website, office_phone, office_fax, association_club, nature_of_business, tc_id, timezone, import_export_license, business_license) values('3', '6', 'customer', '0123456789', 'MY', 'FM', 'Kuala Lumpur', 'XYZ Sdn Bhd', NULL, 'abc@gmail.com', NULL, NULL, NULL, NULL, NULL, '2', NULL, NULL, NULL);

# Data population for suppliers
INSERT INTO intuglo.logistic_providers(supplier_id, login_id, supplier_name, mobile_no, country_code, business_id, address_line_one, company_name, company_registration_no, official_email, website, office_phone, office_fax, association_club, nature_of_business, tc_id) values('1', '2', 'one', '0123456789', 'MY', 'FM', 'Kuala Lumpur', 'ABC Sdn Bhd', NULL, NULL, NULL, NULL, NULL, NULL, NULL, '2');
INSERT INTO intuglo.logistic_providers(supplier_id, login_id, supplier_name, mobile_no, country_code, business_id, address_line_one, company_name, company_registration_no, official_email, website, office_phone, office_fax, association_club, nature_of_business, tc_id) values('2', '5', 'one', '0123456789', 'MY', 'MA', 'Kuala Lumpur', 'ABC Sdn Bhd', NULL, NULL, NULL, NULL, NULL, NULL, NULL, '2');
INSERT INTO intuglo.logistic_providers(supplier_id, login_id, supplier_name, mobile_no, country_code, business_id, address_line_one, company_name, company_registration_no, official_email, website, office_phone, office_fax, association_club, nature_of_business, tc_id) values('3', '7', 'one', '0123456789', 'MY', 'FM', 'Kuala Lumpur', 'ABC Sdn Bhd', NULL, NULL, NULL, NULL, NULL, NULL, NULL, '2');

# update logo for users
UPDATE `intuglo`.`logistic_providers` SET `logo`='MLAGPEC00002S.png' WHERE `supplier_id`='1';
UPDATE `intuglo`.`customers` SET `logo`='MLMCTXS00001C.png' WHERE `customer_id`='1';


# Data population for hs_code
INSERT INTO intuglo.hs_code(hs_code_id,hs_code_header,hs_code_sub,hs_code_item,tax_import,tax_export,description,gst_percentage) VALUES 
(1,2701,11,0000,'0','0','Anthracite','6'),
(2,2701,12,1000,'0','0','Coking coal','6'),
(3,2701,12,9000,'0','0','Other','6'),
(4,2701,19,0000,'0','0','Other coal','6'),
(5,2701,20,0000,'0','0','Briquettes, ovoids and similar solid fuels manufactured from coal','6'),
(6,2702,10,0000,'0','0','Lignite, whether or not pulverised, but not agglomerated','6'),
(7,2702,20,0000,'0','0','Agglomerated lignite','6'),
(8,2703,00,1000,'0','0','Peat, whether or not compressed into bales, but not agglomerated','6'),
(9,2703,00,2000,'0','0','Agglomerated peat','6'),
(10,2704,00,1000,'0','0','Coke and semicoke of coal','6'),
(11,2704,00,2000,'0','0','Coke and semicoke of lignite or of peat','6'),
(12,2704,00,3000,'0','0','Retort carbon','6'),
(13,2705,00,0000,'0','0','Coal gas, water gas, producer gas and similar gases, other than petroleum gases and gaseous hydrocarbons.','6'),
(14,2706,00,0000,'0','0','Tar distilled from coal, from lignite or from peat, and other mineral tars, whether or not partially distilled, including reconstituted tars','6'),
(15,2707,10,0000,'0','0','Benzol (benzene)','6'),
(16,2707,20,0000,'0','0','Toluol(toluene)','6'),
(17,2707,30,0000,'0','0','Xylol (xylenes)','6'),
(18,2707,40,0000,'0','0','Naphthalene','6'),
(19,2707,50,0000,'0','0','Other aromatic hydrocarbon mixture of which 65% or more by volume (including losses) distils at 250C by the ISO 3405 method (equivalent to the ASTM D 86 method)','6'),
(20,2707,91,0000,'0','0','Creosote oils','6'),
(21,2707,99,1000,'0','0','Carbon black feedstock','6'),
(22,2707,99,9000,'0','0','Other','6'),
(23,2708,10,0000,'0','0','Pitch','6'),
(24,2708,20,0000,'0','0','Pitch coke','6'),
(25,2709,00,1000,'0','10.00%','Crude petroleum oils','6'),
(26,2709,00,2000,'5.00%','10.00%','Condensates','6'),
(27,2709,00,9000,'5.00%','10.00%','Other','6'),
(28,2710,12,1100,'0','0','Of RON 97 and above','6'),
(29,2710,12,1200,'0','0','Of RON 90 and above but below RON 97','6'),
(30,2710,12,1300,'0','0','Of other RON','6'),
(31,2710,12,2100,'0','0','Unblended','6'),
(32,2710,12,2200,'0','0','Blended with ethanol','6'),
(33,2710,12,2300,'0','0','Other','6'),
(34,2710,12,2400,'0','0','Unblended','6'),
(35,2710,12,2500,'0','0','Blended with ethanol','6'),
(36,2710,12,2600,'0','0','Other','6'),
(37,2710,12,2700,'0','0','Unblended','6'),
(38,2710,12,2800,'0','0','Blended with ethanol','6'),
(39,2710,12,2900,'0','0','Other','6'),
(40,2710,12,3100,'0','0','100 octane and above','6'),
(41,2710,12,3900,'0','0','Other','6'),
(42,2710,12,4000,'0','0','Tetrapropylene','6'),
(43,2710,12,5000,'0','0','White spirit','6'),
(44,2710,12,6000,'0','0','Low aromatic solvents containing by weight less than 1% aromatic content','6'),
(45,2710,12,7000,'0','0','Other solvent spirits','6'),
(46,2710,12,8000,'0','0','Naphtha, reformates and other preparations of a kind used for blending into motor spirits','6'),
(47,2710,12,9100,'0','0','Alpha olefins','6'),
(48,2710,12,9200,'0','0','Other, petroleum spirit, having a flashpoint of less than 23C','6'),
(49,2710,12,9900,'0','0','Other','6'),
(50,2710,19,2000,'0','0','Topped crudes','6'),
(51,2710,19,3000,'0','0','Carbon black feedstock','6'),
(52,2710,19,4100,'0','0','Lubricating oil feedstock','6'),
(53,2710,19,4200,'0','0','Lubricating oil for aircraft engines','6'),
(54,2710,19,4300,'0','0','Other lubricating oils','6'),
(55,2710,19,4400,'0','0','Lubricating greases','6'),
(56,2710,19,5000,'0','0','Hydraulic brake fluid','6'),
(57,2710,19,6000,'0','0','Transformer and circuit breakers oils','6'),
(58,2710,19,7100,'0','0','Automotive diesel fuel','6'),
(59,2710,19,7200,'0','0','Other diesel fuels','6'),
(60,2710,19,7900,'0','0','Fuel oils','6'),
(61,2710,19,8100,'0','0','Aviation turbine fuel (jet fuel) having a flash point of 23C or more','6'),
(62,2710,19,8200,'0','0','Aviation turbine fuel (jet fuel) having a flash point of less than 23C','6'),
(63,2710,19,8300,'0','0','Other kerosene','6'),
(64,2710,19,8900,'5.00%','0','Other medium oils and preparations','6'),
(65,2710,19,9000,'0','0','Other','6'),
(66,2710,20,0000,'0','0','Petroleum oils and oils obtained from bituminous minerals (other than crude) and preparations not elsewhere specified or included, containing by weight 70% or more of petroleum oils or of oils obtained from bituminous minerals, these oils being the basic constituents of the preparations, containing biodiesel, other than waste oils','6'),
(67,2710,91,0000,'0','0','Containing polychlorinated biphenyls (PCBs), polychlorinated terphenyls (PCTs)or polybrominated biphenyls (PBBs)','6'),
(68,2710,99,0000,'0','0','Other','6'),
(69,2711,11,0000,'0','0','Natural gas','6'),
(70,2711,12,0000,'0','0','Propane','6'),
(71,2711,13,0000,'0','0','Butanes','6'),
(72,2711,14,1000,'0','0','Ethylene','6'),
(73,2711,14,9000,'0','0','Other','6'),
(74,2711,19,0000,'0','0','Other','6'),
(75,2711,21,1000,'0','0','Of a kind used as a motor fuel','6'),
(76,2711,21,9000,'0','0','Other','6'),
(77,2711,29,0000,'0','0','Other','6'),
(78,2712,10,0000,'0','0','Petroleum jelly','6'),
(79,2712,20,0000,'0','0','Paraffin wax containing by weight less than 0.75% of oil','6'),
(80,2712,90,1000,'0','0','Paraffin wax','6'),
(81,2712,90,9000,'0','0','Other','6'),
(82,2713,11,0000,'0','0','Not calcined','6'),
(83,2713,12,0000,'0','0','Calcined','6'),
(84,2713,20,0000,'0','0','Petroleum bitumen','6'),
(85,2713,90,0000,'0','0','Other residues of petroleum oils or oils obtained from bituminous minerals','6'),
(86,2714,10,0000,'5.00%','0','Bituminous or oil shale and tar sands','6'),
(87,2714,90,0000,'5.00%','0','Other','6'),
(88,2715,00,1000,'25.00%','0','Polyurethane tar coatings','6'),
(89,2715,00,9000,'5.00%','0','Other','6'),
(90,2716,00,0000,'0','0','Electrical energy','6'),
(91,2901,10,0000,'0','0','Saturated','6'),
(92,2901,21,0000,'0','0','Ethylene','6'),
(93,2901,22,0000,'0','0','Propene (propylene)','6'),
(94,2901,23,0000,'0','0','Butene (butylene) and isomers thereof','6'),
(95,2901,24,0000,'0','0','Buta1,3diene and isoprene','6'),
(96,2901,29,1000,'20.00%','0','Acetylene','6'),
(97,2901,29,2000,'0','0','Hexene and isomers thereof','6'),
(98,2901,29,9000,'0','0','Other','6'),
(99,2902,11,0000,'0','0','Cyclohexane','6'),
(100,2902,19,0000,'0','0','Other','6'),
(101,2902,20,0000,'0','0','Benzene','6'),
(102,2902,30,0000,'0','0','Toluene','6'),
(103,2902,41,0000,'0','0','oXylene','6'),
(104,2902,42,0000,'0','0','mXylene','6'),
(105,2902,43,0000,'0','0','pXylene','6'),
(106,2902,44,0000,'0','0','Mixed xylene isomers','6'),
(107,2902,50,0000,'0','0','Styrene','6'),
(108,2902,60,0000,'0','0','Ethylbenzene','6'),
(109,2902,70,0000,'0','0','Cumene','6'),
(110,2902,90,1000,'0','0','Dodecylbenzene','6'),
(111,2902,90,2000,'0','0','Other alkylbenzenes','6'),
(112,2902,90,9000,'0','0','Other','6'),
(113,2903,11,1000,'15.00%','0','Chloromethane (methyl chloride)','6'),
(114,2903,11,9000,'0','0','Other','6'),
(115,2903,12,0000,'0','0','Dichloromethane (methylene chloride)','6'),
(116,2903,13,0000,'0','0','Chloroform (trichloromethane)','6'),
(117,2903,14,0000,'0','0','Carbon tetrachloride','6'),
(118,2903,15,0000,'0','0','Ethylene dichloride (ISO) (1,2dichloroethane)','6'),
(119,2903,19,1000,'0','0','1,2Dichloropropane (propylene dichloride) and dichlorobutanes','6'),
(120,2903,19,2000,'0','0','1,1,1Trichloroethane (methyl chloroform)','6'),
(121,2903,19,9000,'0','0','Other','6'),
(122,2903,21,0000,'0','0','Vinyl chloride (chloroethylene)','6'),
(123,2903,22,0000,'0','0','Trichloroethylene','6'),
(124,2903,23,0000,'0','0','Tetrachloroethylene (perchloroethylene)','6'),
(125,2903,29,0000,'0','0','Other','6'),
(126,2903,31,0000,'0','0','Ethylene dibromide (ISO) (1,2dibromoethane)','6'),
(127,2903,39,1000,'0','0','Bromomethane (methyl bromide)','6'),
(128,2903,39,9000,'0','0','Other','6'),
(129,2903,71,0000,'0','0','Chlorodifluoromethane','6'),
(130,2903,72,0000,'0','0','Dichlorotrifluoroethanes','6'),
(131,2903,73,0000,'0','0','Dichlorofluoroethanes','6'),
(132,2903,74,0000,'0','0','Chlorodifluoroethanes','6'),
(133,2903,75,0000,'0','0','Dichloropentafluoropropanes','6'),
(134,2903,76,0000,'0','0','Bromochlorodifluoromethane, bromotrifluoromethane and dibromotetrafluoroethanes','6'),
(135,2903,77,0011,'0','0','Trichlorofluoromethane (CFC11)','6'),
(136,2903,77,0012,'0','0','Dichlorodifluoromethane (CFC12)','6'),
(137,2903,77,0014,'0','0','Chlorotrifluoromethane (CFC13)','6'),
(138,2903,77,0021,'0','0','Trichlorotrifluoroethanes (CFC113)','6'),
(139,2903,77,0022,'0','0','Dichlorotetrafluoroethanes (CFC114) and chloropentafluoroethane (CFC115)','6'),
(140,2903,77,0026,'0','0','Pentachlorofluoroethane (CFC111)','6'),
(141,2903,77,0027,'0','0','Tetrachlorodifluoroethanes (CFC112)','6'),
(142,2903,77,0029,'0','0','Other','6'),
(143,2903,77,0041,'0','0','Heptachlorodifluoropropane (CFC211)','6'),
(144,2903,77,0042,'0','0','Hexachlorodifluoropropane (CFC212)','6'),
(145,2903,77,0043,'0','0','Pentachlorotrifluoropropane (CFC213)','6'),
(146,2903,77,0044,'0','0','Tetrachlorotetrafluoropropane (CFC214)','6'),
(147,2903,77,0045,'0','0','Trichloropentafluoropropane (CFC215)','6'),
(148,2903,77,0046,'0','0','Dichlorohexafluoropropane (CFC216)','6'),
(149,2903,77,0047,'0','0','Chloroheptafluoropropane (CFC217)','6'),
(150,2903,77,0049,'0','0','Other','6'),
(151,2903,77,0090,'0','0','Other','6'),
(152,2903,78,0000,'0','0','Other perhalognated derivatives','6'),
(153,2903,79,0011,'0','0','Dichlorofluoromethane (HCFC21)','6'),
(154,2903,79,0012,'0','0','Tetrachloroethane (HCFC121)','6'),
(155,2903,79,0013,'0','0','Trichlorodifluoroethane (HCFC122)','6'),
(156,2903,79,0014,'0','0','Chlorotetrafluoroethane (HCFC124)','6'),
(157,2903,79,0015,'0','0','Trichlorotetrafluoropropane','6'),
(158,2903,79,0016,'0','0','Chloropentafluopropropane (HCFC235)','6'),
(159,2903,79,0019,'0','0','Other','6'),
(160,2903,79,0021,'0','0','Bromodifluoromethane (HBFC22B1)','6'),
(161,2903,79,0022,'0','0','Bromotrifluoroethane (Halon 1301)','6'),
(162,2903,79,0029,'0','0','Other','6'),
(163,2903,79,0030,'0','0','Bromochlorodifluoroethane (Halon 1211)','6'),
(164,2903,79,0090,'0','0','Other','6'),
(165,2903,81,0000,'0','0','1,2,3,4,5,6Hexachlorocyclohexane (HCH (ISO)), including lindane (ISO, INN)','6'),
(166,2903,82,0000,'0','0','Aldrin (ISO), chlordane (ISO) and heptachlor (ISO)','6'),
(167,2903,83,0000,'0','0','Mirex (ISO)','6'),
(168,2903,89,0000,'0','0','Other perhalognated derivatives','6'),
(169,2903,91,0000,'0','0','Chlorobenzene, odichlorobenzene and pdichlorobenzene','6'),
(170,2903,92,0000,'0','0','Hexachlorobenzene (ISO) and DDT (ISO)(clofenotane (INN), 1, 1, 1trichloro2,2bis(pchlorophenyl)ethane)','6'),
(171,2903,93,0000,'0','0','Pentachlorobenzene (ISO)','6'),
(172,2903,94,0000,'0','0','Hexabromobiphenyls','6'),
(173,2903,99,0000,'0','0','Other','6'),
(174,2904,10,0000,'0','0','Derivatives containing only sulpho groups, their salts and ethyl esters','6'),
(175,2904,20,1000,'0','0','Trinitrotoluene','6'),
(176,2904,20,9000,'0','0','Other','6'),
(177,2904,31,0000,'0','0','Perfluorooctane sulphonic acid','6'),
(178,2904,32,0000,'0','0','Ammonium perfluorooctane sulphonate','6'),
(179,2904,33,0000,'0','0','Lithium perfluorooctane sulphonate','6'),
(180,2904,34,0000,'0','0','Potassium perfluorooctane sulphonate','6'),
(181,2904,35,0000,'0','0','Other salts of perfluorooctane sulphonic acid','6'),
(182,2904,36,0000,'0','0','Perfluorooctane sulphonyl fluoride','6'),
(183,2904,91,0000,'0','0','Trichloronitromethane (chloropicrin)','6'),
(184,2904,99,0000,'0','0','Other','6'),
(185,2905,11,0000,'0','0','Methanol (methyl alcohol)','6'),
(186,2905,12,0000,'0','0','Propan1ol (Propyl alcohol) and propan2ol (isopropyl alcohol)','6'),
(187,2905,13,0000,'0','0','Butan1ol (nbutyl alcohol)','6'),
(188,2905,14,0000,'0','0','Other butanois','6'),
(189,2905,16,0000,'0','0','Octanol (octyl alcohol) and isomers thereof','6'),
(190,2905,17,0000,'0','0','Dodecan1ol (lauryl alcohol), hexadecan1ol (cetyl alcohol) and octadecan1ol (stearyl alcohol)','6'),
(191,2905,19,0000,'0','0','Other','6'),
(192,2905,22,0000,'0','0','Acyclic terpene alcohols','6'),
(193,2905,29,0000,'0','0','Other','6'),
(194,2905,31,0000,'0','0','Ethylene glycol (ethanediol)','6'),
(195,2905,32,0000,'0','0','Propylene glycol (propane1,2diol)','6'),
(196,2905,39,0000,'0','0','Other','6'),
(197,2905,41,0000,'0','0','2Ethyl2(hydroxymethyl) propane1 ,3diol(trimethylolpropane)','6'),
(198,2905,42,0000,'0','0','Pentaerythritol','6'),
(199,2905,43,0000,'0','0','Mannitol','6'),
(200,2905,44,0000,'0','0','Dglucitol (sorbitol)','6'),
(201,2905,45,0000,'5.00%','0','Glycerol','6'),
(202,2905,49,0000,'0','0','Other','6'),
(203,2905,51,0000,'0','0','Ethchlorvynol (INN)','6'),
(204,2905,59,0000,'0','0','Other','6'),
(205,2906,11,0000,'0','0','Menthol','6'),
(206,2906,12,0000,'0','0','Cyclohexanol, methylcyclohexanols and dimethylcyclohexanols','6'),
(207,2906,13,0000,'0','0','Sterols and inositols','6'),
(208,2906,19,0000,'0','0','Other','6'),
(209,2906,21,0000,'0','0','Benzyl alcohol','6'),
(210,2906,29,0000,'0','0','Other','6'),
(211,2907,11,0000,'0','0','Phenol (hydroxybenzene) and its salts','6'),
(212,2907,12,0000,'0','0','Cresols and their salts','6'),
(213,2907,13,0000,'0','0','Octylphenol, nonylphenol and their isomers, salts thereof','6'),
(214,2907,15,0000,'0','0','Naphthols and their salts','6'),
(215,2907,19,0000,'0','0','Other','6'),
(216,2907,21,0000,'0','0','Resorcinol and its salts','6'),
(217,2907,22,0000,'0','0','Hydroquinone (quinol) and its salts','6'),
(218,2907,23,0000,'0','0','4,4''Isopropylidenediphenol (bisphenol A, diphenylolpropane) and its salts','6'),
(219,2907,29,1000,'0','0','Phenolalcohols','6'),
(220,2907,29,9000,'0','0','Other','6'),
(221,2908,11,0000,'0','0','Pentachlorophenol (ISO)','6'),
(222,2908,19,0000,'0','0','Other','6'),
(223,2908,91,0000,'0','0','Dinoseb (ISO) and its salts','6'),
(224,2908,92,0000,'0','0','4,6Dinitroocresol(DNOC (ISO)) and its salts','6'),
(225,2908,99,0000,'0','0','Other','6'),
(226,2909,11,0000,'0','0','Diethyl ether','6'),
(227,2909,19,0000,'0','0','Other','6'),
(228,2909,20,0000,'0','0','Cylanic, cylenic or cycloterpenic ethers and their halogenated, sulphonated, nitrated or nitrosated derivatives','6'),
(229,2909,30,0000,'0','0','Aromatic ethers and their halogenated, sulphonated, nitrated or nitrosated derivatives','6'),
(230,2909,41,0000,'0','0','2,2''Oxydiethanol (diethylene glycol, digol)','6'),
(231,2909,43,0000,'0','0','Monobuyyl ethers of ethylene glycol or diethylene glycol','6'),
(232,2909,44,0000,'0','0','Other monoalkylethers of ethylene glycol or of diethylene glycol','6'),
(233,2909,49,0000,'0','0','Other','6'),
(234,2909,50,0000,'0','0','Etherphenols, etheralcoholphenols and their halogenated, sulphonated, nitrated or nitrosated derivatives','6'),
(235,2909,60,0000,'0','0','Alcohol peroxides, ether peroxides, ketone peroxides and their halogenated, sulphonated, nitrated or nitrosated derivatives','6'),
(236,2910,10,0000,'0','0','Oxirane (ethylene oxide)','6'),
(237,2910,20,0000,'0','0','Methyloxirane (propylene oxide)','6'),
(238,2910,30,0000,'0','0','1Chloro2,3epoxypropane (epichlorohydrin)','6'),
(239,2910,40,0000,'0','0','Dieldrin (ISO, INN)','6'),
(240,2910,50,0000,'0','0','Endrin (ISO)','6'),
(241,2910,90,0000,'0','0','Other','6'),
(242,2911,00,0000,'0','0','Acetals and hemiacetals, whether or not with other oxygen functions, and their halogenated, sulphonated, nitrated or nitrosated derivatives','6'),
(243,2912,11,1000,'0','0','Formalin','6'),
(244,2912,11,9000,'0','0','Other','6'),
(245,2912,12,0000,'0','0','Ethanal (acetaldehyde)','6'),
(246,2912,19,0000,'0','0','Other','6'),
(247,2912,21,0000,'0','0','Benzaldehyde','6'),
(248,2912,29,0000,'0','0','Other','6'),
(249,2912,41,0000,'0','0','Vanillin (4hydroxy3methoxybenzaldehyde)','6'),
(250,2912,42,0000,'0','0','Ethylvanillin (3ethoxy4hydroxybenzaldehyde','6'),
(251,2912,49,1000,'0','0','Other aldehydealcohols','6'),
(252,2912,49,9000,'0','0','Other','6'),
(253,2912,50,0000,'0','0','Cyclic polymers of aldehydes','6'),
(254,2912,60,0000,'0','0','Paraformaldehyde','6'),
(255,2913,00,0000,'0','0','Halogenated, sulphonated, nitrated or nitrosated derivatives of products of heading 29.12','6'),
(256,2914,11,0000,'0','0','Acetone','6'),
(257,2914,12,0000,'0','0','Butanone (methyl ethyl ketone)','6'),
(258,2914,13,0000,'0','0','4Methylpentan2one (methyl isobutyl ketone)','6'),
(259,2914,19,0000,'0','0','Other','6'),
(260,2914,22,0000,'0','0','Cyclohexanone and methylcyclohexanones','6'),
(261,2914,23,0000,'0','0','Ionones and methylionones','6'),
(262,2914,29,1000,'0','0','Camphor','6'),
(263,2914,29,9000,'0','0','Other','6'),
(264,2914,31,0000,'0','0','Phenylacetone (phenylpropan2one)','6'),
(265,2914,39,0000,'0','0','Other','6'),
(266,2914,40,0000,'0','0','Ketonealcohols and ketonealdehydes','6'),
(267,2914,50,0000,'0','0','Ketonephenols and ketones with other oxygen function','6'),
(268,2914,61,0000,'0','0','Anthraquinone','6'),
(269,2914,62,0000,'0','0','Coenzyme Q10 (ubidecarenone (INN))','6'),
(270,2914,69,0000,'0','0','Other','6'),
(271,2914,71,0000,'0','0','Chlordecone (ISO)','6'),
(272,2914,79,0000,'0','0','Other','6'),
(273,2915,11,0000,'0','0','Formic acid','6'),
(274,2915,12,0000,'0','0','Salts of formic acid','6'),
(275,2915,13,0000,'0','0','Esters of formic acid','6'),
(276,2915,21,0000,'0','0','Acetic acid','6'),
(277,2915,24,0000,'0','0','Acetic anhydride','6'),
(278,2915,29,1000,'0','0','Sodium acetate, cobalt acetates','6'),
(279,2915,29,9000,'0','0','Other','6'),
(280,2915,31,0000,'0','0','Ethyl acetate','6'),
(281,2915,32,0000,'0','0','Vinyl acetate','6'),
(282,2915,33,0000,'0','0','nButyl acetate','6'),
(283,2915,36,0000,'0','0','Dinoseb (ISO) acetate','6'),
(284,2915,39,1000,'0','0','Isobutyl acetate','6'),
(285,2915,39,2000,'0','0','2Ethoxyethyl acetate','6'),
(286,2915,39,9000,'0','0','Other','6'),
(287,2915,40,0000,'0','0','Mono , dior trichloroacetic acids, their salts and esters','6'),
(288,2915,50,0000,'0','0','Propionic acid, its salts and esters','6'),
(289,2915,60,0000,'0','0','Butanoic acids, pentonic acids, their salts and esters','6'),
(290,2915,70,1000,'0','0','Palmitic acid, its salts and esters','6'),
(291,2915,70,2000,'0','0','Stearic acid','6'),
(292,2915,70,3000,'0','0','Salts and esters of stearic acid','6'),
(293,2915,90,1000,'0','0','Acetyl chloride','6'),
(294,2915,90,2000,'0','0','Lauric acid, myristic acid, their salts and esters','6'),
(295,2915,90,3000,'0','0','Caprylic acid, its salts and esters','6'),
(296,2915,90,4000,'0','0','Capric acid, its salts and esters','6'),
(297,2915,90,9000,'0','0','Other','6'),
(298,2916,11,0000,'0','0','Acrylic acid and its salts','6'),
(299,2916,12,0000,'0','0','Esters of acrylic acid','6'),
(300,2916,13,0000,'0','0','Methacrylic acid and its salts','6'),
(301,2916,14,1000,'0','0','Methyl methacrylate','6'),
(302,2916,14,9000,'0','0','Other','6'),
(303,2916,15,0000,'0','0','Oleic, linoleic or linolenic acids, their salts and esters','6'),
(304,2916,16,0000,'0','0','Binapacryl (ISO)','6'),
(305,2916,19,0000,'0','0','Other','6'),
(306,2916,20,0000,'0','0','Cyclanic, cyclenic or cycloterpenic monocarboxylic acids, their anhydrides, halides, peroxides, peroxyacids and their derivatives','6'),
(307,2916,31,0000,'0','0','Benzoic acid, its salts and esters','6'),
(308,2916,32,0000,'0','0','Benzoyl peroxide and benzoyl chloride','6'),
(309,2916,34,0000,'0','0','Phenylacetic acid and its salts','6'),
(310,2916,39,1000,'0','0','2,4Dichlorophenyl acetic and its salts and esters','6'),
(311,2916,39,2000,'0','0','Esters of phenylacetic acid','6'),
(312,2916,39,9000,'0','0','Other','6'),
(313,2917,11,0000,'0','0','Oxalic acid, its salts and esters','6'),
(314,2917,12,1000,'0','0','Dioctyl adipate','6'),
(315,2917,12,9000,'0','0','Other','6'),
(316,2917,13,0000,'0','0','Axelaic acid, sebacic acid, their salts and esters','6'),
(317,2917,14,0000,'0','0','Maleic anhydride','6'),
(318,2917,19,0000,'0','0','Other','6'),
(319,2917,20,0000,'0','0','Cyclanic, cyclenic or cycloterpenic acids, their anhydrides, halides, peroxides, peroxyacids and their derivatives','6'),
(320,2917,32,0000,'10.00%','0','Dioctyl orthophthalates','6'),
(321,2917,33,0000,'0','0','Dinonyl or didecyl orthophthalates','6'),
(322,2917,34,1000,'0','0','Dibutyl orthophthalates','6'),
(323,2917,34,9000,'0','0','Other','6'),
(324,2917,35,0000,'0','0','Phthalic anhydride','6'),
(325,2917,36,0000,'0','0','Terephthalic acid and its salts','6'),
(326,2917,37,0000,'0','0','Dimethyl terephthalate','6'),
(327,2917,39,1000,'0','0','Triotyltrimellitate','6'),
(328,2917,39,2000,'0','0','Other phthalic compounds of a kind used as plasticisers and esters of phthalic anhydride','6'),
(329,2917,39,9000,'0','0','Other','6'),
(330,2918,11,0000,'0','0','Lactic acid, its salts and esters','6'),
(331,2918,12,0000,'0','0','Tartaric acid','6'),
(332,2918,13,0000,'0','0','Salts and esters of tartaric acid','6'),
(333,2918,14,0000,'0','0','Citric acid','6'),
(334,2918,15,1000,'0','0','Calcium citrate','6'),
(335,2918,15,9000,'0','0','Other','6'),
(336,2918,16,0000,'0','0','Gluconic acid, its salts and esters','6'),
(337,2918,17,0000,'0','0','2,2Diphenyl2hydroxyacetic acid (benzilic acid)','6'),
(338,2918,18,0000,'0','0','Chlorobenzilate (ISO)','6'),
(339,2918,19,0000,'0','0','Other','6'),
(340,2918,21,0000,'0','0','Salicylic acid and its salts','6'),
(341,2918,22,0000,'0','0','0Acetylsalicylic acid, its salts and esters','6'),
(342,2918,23,0000,'0','0','Other esters of salicylic acid and their salts','6'),
(343,2918,29,1000,'0','0','Alkyl sulphonic ester of phenol','6'),
(344,2918,29,9000,'0','0','Other','6'),
(345,2918,30,0000,'0','0','Carboxylic acids with aldehyde or ketone function but without other oxygen function, their anhydrides, halides, peroxides, peroxyacids and their derivatives','6'),
(346,2918,91,0000,'0','0','2,4,5T (ISO) (2,4,5trichlorophenoxyacetic acid), its salt and esters','6'),
(347,2918,99,0000,'0','0','Other','6'),
(348,2919,10,0000,'0','0','Tris(2,3dibromopropyl) phosphate','6'),
(349,2919,90,0000,'0','0','Other','6'),
(350,2920,11,0000,'0','0','Parathion (ISO) and parathionmethyl (ISO) (methylparathion)','6'),
(351,2920,19,0000,'0','0','Other','6'),
(352,2920,21,0000,'0','0','Dimethyl phosphite','6'),
(353,2920,22,0000,'0','0','Diethyl phosphite','6'),
(354,2920,23,0000,'0','0','Trimethyl phosphite','6'),
(355,2920,24,0000,'0','0','Triethyl phosphite','6'),
(356,2920,29,0000,'0','0','Other','6'),
(357,2920,30,0000,'0','0','Endosulfan (ISO)','6'),
(358,2920,90,0000,'0','0','Other','6'),
(359,2921,11,0000,'0','0','Methylamine, di or trimethylamine and their salts','6'),
(360,2921,12,0000,'0','0','2(N,NDimethylamino)ethylchloride hydrochloride','6'),
(361,2921,13,0000,'0','0','2(N,NDiethylamino)ethylchloride hydrochloride','6'),
(362,2921,14,0000,'0','0','2(N,NDiisopropylamino)ethylchloride hydrochloride','6'),
(363,2921,19,0000,'0','0','Other','6'),
(364,2921,21,0000,'0','0','Ethylenediamine and its salts','6'),
(365,2921,22,0000,'0','0','Hexamethylenediamine and its salts','6'),
(366,2921,29,0000,'0','0','Other','6'),
(367,2921,30,0000,'0','0','Cyclanic, cyclenic or cycoterpenic mono or polyamines, and their derivatives, salts thereof','6'),
(368,2921,41,0000,'0','0','Aniline and its salts','6'),
(369,2921,42,0000,'0','0','Aniline derivatives and their salts','6'),
(370,2921,43,0000,'0','0','Toluidines and their dericvatives, salts thereof','6'),
(371,2921,44,0000,'0','0','Diphenylamine and its derivatives, salts thereof','6'),
(372,2921,45,0000,'0','0','1Naphthylamine (alphanaphthylamine), 2naphthylamine (betanaphthylamine) and their derivatives, salts thereof','6'),
(373,2921,46,0000,'0','0','Amfetamine (INN), benzfetamine (INN), dexamfetamine (INN), etilamfetamine (INN), fencamfamine (INN), lefetamine (INN), levamfetamine (INN), mefenorex (INN) and phentermine (INN), salts thereof','6'),
(374,2921,49,0000,'0','0','Other','6'),
(375,2921,51,0000,'0','0','0, m, pPhenylenediamine, diaminotoluenes, and their derivatives, salts thereof','6'),
(376,2921,59,0000,'0','0','Other','6'),
(377,2922,11,0000,'0','0','Monoethanolamine and its salts','6'),
(378,2922,12,0000,'0','0','Diethanolamine and its salts','6'),
(379,2922,14,0000,'0','0','Dextropropoxyphene (INN) and its salts','6'),
(380,2922,15,0000,'0','0','Triethanolamine','6'),
(381,2922,16,0000,'0','0','Diethanolammonium perfluorooctane sulphonate','6'),
(382,2922,17,0000,'0','0','Methyldiethanolamine and ethyldiethanolamine','6'),
(383,2922,18,0000,'0','0','2(N, NDiisopropylamino)ethanol','6'),
(384,2922,19,1000,'0','0','Ethambutol and its salts, esters and other derivatives','6'),
(385,2922,19,2000,'0','0','D2Aminonbutylalcohol','6'),
(386,2922,19,9000,'0','0','Other','6'),
(387,2922,21,0000,'0','0','Aminohydroxynaphthalenesulphonic acids and their salts','6'),
(388,2922,29,0000,'0','0','Other','6'),
(389,2922,31,0000,'0','0','Amfepramone (INN), methadone (INN) and normethadone (INN), salts thereof','6'),
(390,2922,39,0000,'0','0','Other','6'),
(391,2922,41,0000,'0','0','Lysine and its esters, salts thereof','6'),
(392,2922,42,1000,'15.00%','0','Glutamic acid','6'),
(393,2922,42,2000,'15.00%','0','Monosodium glutamate (MSG)','6'),
(394,2922,42,9000,'0','0','Other salts','6'),
(395,2922,43,0000,'0','0','Anthranilic acid and its salts','6'),
(396,2922,44,0000,'0','0','Tilidine (INN) and its salts','6'),
(397,2922,49,0000,'0','0','Other','6'),
(398,2922,50,1000,'0','0','pAminosalicylic acid and its salts, ester and other derivatives','6'),
(399,2922,50,9000,'0','0','Other','6'),
(400,2923,10,0000,'0','0','Choline and its salts','6'),
(401,2923,20,1000,'0','0','Lecithins, whether or not chemically defined','6'),
(402,2923,20,9000,'0','0','Other','6'),
(403,2923,30,0000,'0','0','Tetraethylammonium perfluorooctane sulphonate','6'),
(404,2923,40,0000,'0','0','Didecyldimethylammonium perfluorooctane sulphonate','6'),
(405,2923,90,0000,'0','0','Other','6'),
(406,2924,11,0000,'0','0','Meprobamate (INN)','6'),
(407,2924,12,1000,'0','0','Fluoroacetamide (ISO) and phosphamidon (ISO)','6'),
(408,2924,12,2000,'0','0','Monocrotophos (ISO)','6'),
(409,2924,19,1000,'0','0','Carisophrodol','6'),
(410,2924,19,9000,'0','0','Other','6'),
(411,2924,21,1000,'0','0','4Ethoxyphenylurea (dulcin)','6'),
(412,2924,21,2000,'5.00%','0','Diuron and monuron','6'),
(413,2924,21,9000,'0','0','Other','6'),
(414,2924,23,0000,'0','0','2Acetamidobenzoic acid (Nacetylanthranilic acid) and its salts','6'),
(415,2924,24,0000,'0','0','Ethinamate (INN)','6'),
(416,2924,25,0000,'0','0','Alachlor (ISO)','6'),
(417,2924,29,1000,'0','0','Aspartame','6'),
(418,2924,29,2000,'0','0','Butylphenylmethyl carbamate, methyl isopropyl phenyl carbamate','6'),
(419,2924,29,3000,'0','0','Acetaminophen (paracetamol), salicylamide, ethoxybenzamide','6'),
(420,2924,29,9000,'0','0','Other','6'),
(421,2925,11,0000,'0','0','Saccharin and its salts','6'),
(422,2925,12,0000,'0','0','Glutethimide (INN)','6'),
(423,2925,19,0000,'0','0','Other','6'),
(424,2925,21,0000,'0','0','Chlordimeform (ISO)','6'),
(425,2925,29,0000,'0','0','Other','6'),
(426,2926,10,0000,'0','0','Acrylonitrile','6'),
(427,2926,20,0000,'0','0','1Cyanoguanidine (dicyandiamide)','6'),
(428,2926,30,0000,'0','0','Fenproporex (INN) and its salts, methadone (INN) intermediate (4cyano2dimethylamino4, 4diphenylbutane)','6'),
(429,2926,40,0000,'0','0','alphaPhenylacetoacetonitrile','6'),
(430,2926,90,0000,'0','0','Other','6'),
(431,2927,00,1000,'0','0','Azodicarbonamide','6'),
(432,2927,00,9000,'0','0','Other','6'),
(433,2928,00,1000,'5.00%','0','Linuron','6'),
(434,2928,00,9000,'0','0','Other','6'),
(435,2929,10,1000,'0','0','Diphenylmethane diisocyanate (MDI)','6'),
(436,2929,10,2000,'0','0','Toluene diisocyanate','6'),
(437,2929,10,9000,'0','0','Other','6'),
(438,2929,90,1000,'0','0','Sodium cyclamate','6'),
(439,2929,90,2000,'0','0','Other cyclamates','6'),
(440,2929,90,9000,'0','0','Other','6'),
(441,2930,20,0000,'0','0','Thiocarbamates and dithiocarbamates','6'),
(442,2930,30,0000,'0','0','Thiuram mono, di or tetrasulphides','6'),
(443,2930,40,0000,'0','0','Methionine','6'),
(444,2930,60,0000,'0','0','2(N,NDiethylamino)ethanethiol','6'),
(445,2930,70,0000,'0','0','Bis(2hydroxyethyl)sulfide (thiodiglycol (INN))','6'),
(446,2930,80,0000,'0','0','Aldicarb (ISO), captafol (ISO) and methamidophos (ISO)','6'),
(447,2930,90,1000,'0','0','Dithiocarbonates','6'),
(448,2930,90,9000,'0','0','Other','6'),
(449,2931,10,1000,'0','0','Tetramethyl lead','6'),
(450,2931,10,2000,'0','0','Tetraethyl lead','6'),
(451,2931,20,0000,'0','0','Tributyltin compounds','6'),
(452,2931,31,0000,'0','0','Dimethyl methylphosphonate','6'),
(453,2931,32,0000,'0','0','Dimethyl propylphosphonate','6'),
(454,2931,33,0000,'0','0','Diethyl ethylphosphonate','6'),
(455,2931,34,0000,'0','0','Sodium 3(trihydroxysilyl)propyl methylphosphonate','6'),
(456,2931,35,0000,'0','0','2,4,6Tripropyl1,3,5,2,4,6trioxatriphosphinane 2,4,6trioxide','6'),
(457,2931,36,0000,'0','0','(5Ethyl2methyl2oxido1,3,2dioxaphosphiman5yl)methyl methyl methylphosphonate','6'),
(458,2931,37,0000,'0','0','Bis[(5erhyl2methyl2oxid1,3,2dioxaphosphinan5yl)methyl] methylphosphonate','6'),
(459,2931,38,0000,'0','0','Salt of methylphosphonic acid and (aminoiminomethyl)urea (1:1)','6'),
(460,2931,39,0000,'0','0','Other','6'),
(461,2931,90,2100,'0','0','N(phosphonomethyl) glycine','6'),
(462,2931,90,2200,'5.00%','0','Salts of N(phosphonomethyl) glycine','6'),
(463,2931,90,3000,'0','0','Ethephone','6'),
(464,2931,90,4100,'0','0','In liquid form','6'),
(465,2931,90,4900,'5.00%','0','Other','6'),
(466,2931,90,5000,'0','0','Dimethyltin dichloride','6'),
(467,2931,90,9000,'0','0','Other','6'),
(468,2932,11,0000,'0','0','Tetrahydrofuran','6'),
(469,2932,12,0000,'0','0','2Furaldehyde (furfuraldehyde)','6'),
(470,2932,13,0000,'0','0','Furfury alcohol and tetrahydrofurfuryl alcohol','6'),
(471,2932,14,0000,'0','0','Sucralose','6'),
(472,2932,19,0000,'0','0','Other','6'),
(473,2932,20,1000,'0','0','Coumarin N(1,2Benzopyrone) methylcoumarins and ethylcoumarine','6'),
(474,2932,20,9000,'0','0','Other','6'),
(475,2932,91,0000,'0','0','Isosafrole','6'),
(476,2932,92,0000,'0','0','1(1,3Benzodioxol5yl)propan2one','6'),
(477,2932,93,0000,'0','0','Piperonal','6'),
(478,2932,94,0000,'0','0','Safrole','6'),
(479,2932,95,0000,'0','0','Tetrahydrocannabinols (all isomers)','6'),
(480,2932,99,1000,'0','0','Carbofuran','6'),
(481,2932,99,9000,'0','0','Other','6'),
(482,2933,11,0000,'0','0','Phenazone (antipyrin) and its derivatives','6'),
(483,2933,19,0000,'0','0','Other','6'),
(484,2933,21,0000,'0','0','Hydantoin and its derivatives','6'),
(485,2933,29,0000,'0','0','Other','6'),
(486,2933,31,0000,'0','0','Pyridine and its salts','6'),
(487,2933,32,0000,'0','0','Piperidine and its salts','6'),
(488,2933,33,0000,'0','0','Alfentanil (INN), anileridine (INN), bezitramide (INN), bromazepam (INN), difenoxin (INN), diphenoxylate (INN), dipipanone (INN), fentanyl (INN), ketobemidone (INN), methylphenidate (INN), pentazocine (INN), pethidine (INN), pethidine (INN) intermediate A, phencyclidine 9INN) (PCP), phenoperidine (INN), pipradrol (INN), piritramide (INN), propiram (INN) and trimeperidine (INN), salts thereof','6'),
(489,2933,39,1000,'0','0','Chlorpheniramine and isoniazid','6'),
(490,2933,39,3000,'0','0','Paraquat salts','6'),
(491,2933,39,9000,'0','0','Other','6'),
(492,2933,41,0000,'0','0','Levorphanol (INN) and its salts','6'),
(493,2933,49,1000,'0','0','Dextromethorphan','6'),
(494,2933,49,9000,'0','0','Other','6'),
(495,2933,52,0000,'0','0','Malonylurea (barbituric acid) and its salts','6'),
(496,2933,53,0000,'0','0','Allobarbital (INN), amobarbital (INN), barbital (INN), butalbital (INN), butbarbital, cyclobarbital (INN), secbutabarbital (INN), secobarbital (INN) and vinylbital (INN), salts thereof','6'),
(497,2933,54,0000,'0','0','Other derivatives of malonylurea (barbituric acid), salts thereof','6'),
(498,2933,55,0000,'0','0','Loprazolam (INN), mecloqualone (INN), methaqualone (INN) and zipeprol (INN), salts thereof','6'),
(499,2933,59,1000,'0','0','Diazinon','6'),
(500,2933,59,9000,'0','0','Other','6'),
(501,2933,61,0000,'0','0','Melamine','6'),
(502,2933,69,0000,'0','0','Other','6'),
(503,2933,71,0000,'0','0','6Hexanelactam (epsiloncaprolactam)','6'),
(504,2933,72,0000,'0','0','Clobazam (INN) and methyprylon (INN)','6'),
(505,2933,79,0000,'0','0','Other lactams','6'),
(506,2933,91,0000,'0','0','Alprazolam (INN), camazepam (INN), chlordiazepoxide (INN), clonazepam (INN), clorazepate, delorazepam (INN), diazepam (INN), estazolam (INN), ethyl loflazepate (INN), fludiazepam (INN), flunitrazepam (INN), flurazepam (INN), halazepam (INN), lorazepam (INN), lormetazepam (INN), mazindol (INN), medazepam (INN), midazolam (INN), nimetazepam (INN), nitrazepam (INN), nordazepam (INN), oxazepam (INN), pinazepam (INN), prazepam (INN), pyrovalerone (INN), temazepam (INN), tetrazepam (INN) and triazolam (INN), salts thereof','6'),
(507,2933,92,0000,'0','0','Azinphosmethyl (ISO)','6'),
(508,2933,99,1000,'0','0','Mebendazole and parbendazole','6'),
(509,2933,99,9000,'0','0','Other','6'),
(510,2934,10,0000,'0','0','Compounds containing an unfused thiazole ring (whether or not hydrogenated) in the structure','6'),
(511,2934,20,0000,'0','0','Compounds containing in the structure a benzothiazole ring?system (whether or not hydrogenated), not further fused','6'),
(512,2934,30,0000,'0','0','Compounds containing in the structure a phenothiazine ring?system (whether or not hydrogenated), not further fused','6'),
(513,2934,91,0000,'0','0','Aminorex (INN), brotizolam (INN), clotiazepam (INN), cloxazolam (INN), dextromoramide (INN), haloxazolam (INN), ketazolam (INN), mesocarb (INN), oxazolam (INN), pemoline (INN), phendimetrazine (INN) and sufentanil (INN), salts theof','6'),
(514,2934,99,1000,'0','0','Nucleic acid and its salts','6'),
(515,2934,99,2010,'0','0','Sultones and sultams','6'),
(516,2934,99,2020,'0','0','Diltiazem','6'),
(517,2934,99,3000,'0','0','6Aminopenicillanic acid','6'),
(518,2934,99,4000,'0','0','3Azido3deoxythymidine','6'),
(519,2934,99,5000,'0','0','Oxadiazon, with a purity of 94% or more','6'),
(520,2934,99,9000,'0','0','Other','6'),
(521,2935,10,0000,'0','0','NMethylperfluorooctane sulphonamide','6'),
(522,2935,20,0000,'0','0','NEthylperfluorooctane sulphonamide','6'),
(523,2935,30,0000,'0','0','NEthylN(2hydroxyethyl) perfluorooctane sulphonamide','6'),
(524,2935,40,0000,'0','0','N(2Hydroxyethyl)Nmethylperfluorooctane sulphonamide','6'),
(525,2935,50,0000,'0','0','Other perfluorooctane sulphonamides','6'),
(526,2935,90,0000,'0','0','Other','6'),
(527,2936,21,0000,'0','0','Vitamins A and other derivatives','6'),
(528,2936,22,0000,'0','0','Vitamin B1 and its derivatives','6'),
(529,2936,23,0000,'0','0','Vitamin B2 and its derivatives','6'),
(530,2936,24,0000,'0','0','D or DLPantothenic acid (Vitamin B3 or Vitamin B5) and its derivatives','6'),
(531,2936,25,0000,'0','0','Vitamin B6 and its derivatives','6'),
(532,2936,26,0000,'0','0','Vitamin B12 and its derivatives','6'),
(533,2936,27,0000,'0','0','Vitamin C and its derivatives','6'),
(534,2936,28,0000,'0','0','Vitamin E and its derivatives','6'),
(535,2936,29,0000,'0','0','Other vitamins and their derivatives','6'),
(536,2936,90,0000,'0','0','Other, including natural concentrates','6'),
(537,2937,11,0000,'0','0','Somatotropin, its derivatives and structural analogues','6'),
(538,2937,12,0000,'0','0','Insulin and its salts','6'),
(539,2937,19,0000,'0','0','Other vitamins and their derivatives','6'),
(540,2937,21,0000,'0','0','Cortisone, hydrocortisone, prednisone (dehydrocortisone) and prednisolone (dehydrohydrocortisone)','6'),
(541,2937,22,0000,'0','0','Halogenated derivatives of corticosteroidal hormones','6'),
(542,2937,23,0000,'0','0','Oestrogens and progestogens','6'),
(543,2937,29,0010,'0','0','Adrenal cortical hormones','6'),
(544,2937,29,0090,'0','0','Other','6'),
(545,2937,50,0000,'0','0','Prostaglandins, thromboxanes and leukotrienes, their derivatives and structural analogues','6'),
(546,2937,90,1000,'0','0','Of oxygenfunction aminocompounds','6'),
(547,2937,90,2000,'0','0','Epinephrine, aminoacid derivatives','6'),
(548,2937,90,9000,'0','0','Other','6'),
(549,2938,10,0000,'0','0','Rutoside (rutin) and its derivatives','6'),
(550,2938,90,0000,'0','0','Other','6'),
(551,2939,11,1000,'0','0','Concentrates of poppy straw and salts thereof','6'),
(552,2939,11,9000,'0','0','Other','6'),
(553,2939,19,0000,'0','0','Other','6'),
(554,2939,20,1000,'0','0','Quinine and its salts','6'),
(555,2939,20,9000,'0','0','Other','6'),
(556,2939,30,0000,'0','0','Caffeine and its salts','6'),
(557,2939,41,0000,'0','0','Ephedrine and its salts','6'),
(558,2939,42,0000,'0','0','Pseudoephedrine (INN) and its salts','6'),
(559,2939,43,0000,'0','0','Cathine (INN) and its salts','6'),
(560,2939,44,0000,'0','0','Norephedrine and its salts','6'),
(561,2939,49,1000,'0','0','Phenylpropanolamine (PPA)','6'),
(562,2939,49,9000,'0','0','Other','6'),
(563,2939,51,0000,'0','0','Fenetylline (INN) and its salts','6'),
(564,2939,59,0000,'0','0','Other','6'),
(565,2939,61,0000,'0','0','Ergometrine (INN) and its salts','6'),
(566,2939,62,0000,'0','0','Ergotamine (INN) and its salts','6'),
(567,2939,63,0000,'0','0','Lysergic acid and its salts','6'),
(568,2939,69,0000,'0','0','Other','6'),
(569,2939,71,0000,'0','0','Cocaine, ecgonine, levometamfetamine, metamfetamine (INN), metamfetamine racemate, salts, esters and other derivatives thereof','6'),
(570,2939,79,0010,'0','0','Nicotine sulphate','6'),
(571,2939,79,0090,'0','0','Other','6'),
(572,2939,80,0000,'0','0','Other','6'),
(573,2940,00,0000,'0','0','Sugars, chemically pure, other than sucrose, lactose, maltose, glucose and fructose, sugar ethers, sugar acetals and sugar esters, and their salts, other than products of heading 29.37, 29.38 or 29.39.','6'),
(574,2941,10,1100,'0','0','Nonsterile','6'),
(575,2941,10,1900,'0','0','Other','6'),
(576,2941,10,2000,'0','0','Ampicillin and its salts','6'),
(577,2941,10,9000,'0','0','Other','6'),
(578,2941,20,0000,'0','0','Streptomycins and their derivatives, salts thereof','6'),
(579,2941,30,0000,'0','0','Tetracyclines and their derivatives, salts thereof','6'),
(580,2941,40,0000,'0','0','Chloramphenicol and its derivatives, salts thereof','6'),
(581,2941,50,0000,'0','0','Erythromycin and its derivatives, salts thereof','6'),
(582,2941,90,0000,'0','0','Other','6'),
(583,2942,00,0000,'0','0','Other organic compounds','6'),
(584,3001,20,0000,'0','0','Extracts of glands or other organs or of their secretions','6'),
(585,3001,90,0000,'0','0','Other','6'),
(586,3002,11,0000,'0','0','Malaria diagnostic test kits','6'),
(587,3002,12,1000,'0','0','Antisera, plasma protein solutions, haemoglobin powder','6'),
(588,3002,12,9000,'0','0','Other','6'),
(589,3002,13,0000,'0','0','Immunological products, unmixed, not put up in measured doses or in forms or packings for retail sale','6'),
(590,3002,14,0000,'0','0','Immunological products, mixed, not put up in measured doses or in forms or packings for retail sale','6'),
(591,3002,15,0000,'0','0','Immunological products, put up in measured doses or in forms or packings for retail sale','6'),
(592,3002,19,0000,'0','0','Other','6'),
(593,3002,20,1000,'0','0','Tetanus toxoid','6'),
(594,3002,20,2000,'0','0','Pertusis, measles, meningitis or polio vaccines','6'),
(595,3002,20,9000,'0','0','Other','6'),
(596,3002,30,0000,'0','0','Vaccines for veterinary medicine','6'),
(597,3002,90,0000,'0','0','Other','6'),
(598,3003,10,1010,'0','0','Veterinary medicaments','6'),
(599,3003,10,1090,'0','0','Other','6'),
(600,3003,10,2010,'0','0','Veterinary medicaments','6'),
(601,3003,10,2090,'0','0','Other','6'),
(602,3003,10,9010,'0','0','Veterinary medicaments','6'),
(603,3003,10,9090,'0','0','Other','6'),
(604,3003,20,0010,'0','0','Veterinary medicaments','6'),
(605,3003,20,0090,'0','0','Other','6'),
(606,3003,31,0000,'0','0','Containing insulin','6'),
(607,3003,39,0010,'0','0','Veterinary medicaments','6'),
(608,3003,39,0090,'0','0','Other','6'),
(609,3003,41,0010,'0','0','Veterinary medicaments','6'),
(610,3003,41,0090,'0','0','Other','6'),
(611,3003,42,0010,'0','0','Veterinary medicaments','6'),
(612,3003,42,0090,'0','0','Other','6'),
(613,3003,43,0010,'0','0','Veterinary medicaments','6'),
(614,3003,43,0090,'0','0','Other','6'),
(615,3003,49,0010,'0','0','Veterinary medicaments','6'),
(616,3003,49,0090,'0','0','Other','6'),
(617,3003,60,0010,'0','0','Veterinary medicaments','6'),
(618,3003,60,0090,'0','0','Other','6'),
(619,3003,90,0010,'0','0','Veterinary medicaments','6'),
(620,3003,90,0090,'0','0','Other','6'),
(621,3004,10,1500,'0','0','Containing penicillin G (excluding penicillin G benzathine), phenoxymethyl penicillin or salts thereof','6'),
(622,3004,10,1600,'0','0','Containing ampicillin, amoxycillin or salts thereof, of a kind taken orally','6'),
(623,3004,10,1900,'0','0','Other','6'),
(624,3004,10,2100,'0','0','In ointment form','6'),
(625,3004,10,2900,'0','0','Other','6'),
(626,3004,20,1010,'0','0','Veterinary medicaments','6'),
(627,3004,20,1090,'0','0','Other','6'),
(628,3004,20,3110,'0','0','Veterinary medicaments','6'),
(629,3004,20,3190,'0','0','Other','6'),
(630,3004,20,3210,'0','0','Veterinary medicaments','6'),
(631,3004,20,3290,'0','0','Other','6'),
(632,3004,20,3910,'0','0','Veterinary medicaments','6'),
(633,3004,20,3990,'0','0','Other','6'),
(634,3004,20,7110,'0','0','Veterinary medicaments','6'),
(635,3004,20,7190,'0','0','Other','6'),
(636,3004,20,7910,'0','0','Veterinary medicaments','6'),
(637,3004,20,7990,'0','0','Other','6'),
(638,3004,20,9110,'0','0','Veterinary medicaments','6'),
(639,3004,20,9190,'0','0','Other','6'),
(640,3004,20,9910,'0','0','Veterinary medicaments','6'),
(641,3004,20,9990,'0','0','Other','6'),
(642,3004,31,0000,'0','0','Containing insulin','6'),
(643,3004,32,1000,'0','0','Containing dexamethasone or their derivatives','6'),
(644,3004,32,4000,'0','0','Containing hydrocortisone sodium succinate or fluocinolone acetonide','6'),
(645,3004,32,9000,'0','0','Other','6'),
(646,3004,39,0000,'0','0','Other','6'),
(647,3004,41,0000,'0','0','Containing ephedrine or its salts','6'),
(648,3004,42,0000,'0','0','Containing pseudoephedrine (INN) or its salts','6'),
(649,3004,43,0000,'0','0','Containing norephedrine or its salts','6'),
(650,3004,49,1010,'0','0','Veterinary medicaments','6'),
(651,3004,49,1090,'0','0','Other','6'),
(652,3004,49,5000,'0','0','Containing papaverine or berberine, of a kind taken orally','6'),
(653,3004,49,6000,'0','0','Containing theophyline, of a kind taken orally','6'),
(654,3004,49,7000,'0','0','Containing atropine sulphate','6'),
(655,3004,49,8000,'0','0','Containing quinine hydrochloride or dihydroquinine chloride, for injection, Containing quinine sulphate or bisulphate, of a kind taken orally','6'),
(656,3004,49,9010,'0','0','Veterinary medicaments','6'),
(657,3004,49,9090,'0','0','Other','6'),
(658,3004,50,1000,'0','0','Of a kind suitable for children, in syrup form','6'),
(659,3004,50,2100,'0','0','Of a kind taken orally','6'),
(660,3004,50,2900,'0','0','Other','6'),
(661,3004,50,9100,'0','0','Containing vitamin A, B or C','6'),
(662,3004,50,9900,'0','0','Other','6'),
(663,3004,60,1000,'0','0','Containing artemisinin combined with other pharmaceutical active ingredients','6'),
(664,3004,60,2000,'0','0','Containing artesunate or chloroquine','6'),
(665,3004,60,9000,'0','0','Other','6'),
(666,3004,90,1000,'0','0','Transdermal therapeutic system patches for the treatment of cancer or heart diseases','6'),
(667,3004,90,2000,'0','0','Closed sterile water for inhalation, pharmaceutical grade','6'),
(668,3004,90,3010,'0','0','Veterinary medicaments','6'),
(669,3004,90,3090,'0','0','Other','6'),
(670,3004,90,4110,'0','0','Veterinary medicaments','6'),
(671,3004,90,4190,'0','0','Other','6'),
(672,3004,90,4910,'0','0','Veterinary medicaments','6'),
(673,3004,90,4990,'0','0','Other','6'),
(674,3004,90,5110,'0','0','Veterinary medicaments','6'),
(675,3004,90,5190,'0','0','Other','6'),
(676,3004,90,5210,'0','0','Veterinary medicaments','6'),
(677,3004,90,5290,'0','0','Other','6'),
(678,3004,90,5310,'0','0','Veterinary medicaments','6'),
(679,3004,90,5390,'0','0','Other','6'),
(680,3004,90,5410,'0','0','Veterinary medicaments','6'),
(681,3004,90,5490,'0','0','Other','6'),
(682,3004,90,5510,'0','0','Veterinary medicaments','6'),
(683,3004,90,5590,'0','0','Other','6'),
(684,3004,90,5910,'0','0','Veterinary medicaments','6'),
(685,3004,90,5990,'0','0','Other','6'),
(686,3004,90,6200,'0','0','Containing primaquine','6'),
(687,3004,90,6400,'0','0','Containing artemisinin other than of subheading 3004.60.10','6'),
(688,3004,90,6500,'0','0','Herbal medicaments','6'),
(689,3004,90,6900,'0','0','Other','6'),
(690,3004,90,7100,'0','0','Containing piperazine or mebendazole (INN)','6'),
(691,3004,90,7200,'0','0','Herbal medicaments','6'),
(692,3004,90,7900,'0','0','Other','6'),
(693,3004,90,8100,'0','0','Containing deferoxamine, for injection','6'),
(694,3004,90,8200,'0','0','Anti HIV/AIDS medicaments','6'),
(695,3004,90,8900,'0','0','Other','6'),
(696,3004,90,9100,'0','0','Containing sodium chloride or glucose, for infusion','6'),
(697,3004,90,9200,'0','0','Containing sorbitol or salbutamol, for infusion','6'),
(698,3004,90,9300,'0','0','Containing sorbitol or salbutamol, in other forms','6'),
(699,3004,90,9400,'0','0','Containing cimetidine (INN) or ranitidine (INN) other than for injection','6'),
(700,3004,90,9500,'0','0','Containing phenobarbital, diazepam or chlorpromazine, other than for injection or infusion','6'),
(701,3004,90,9600,'0','0','Nasaldrop medicaments containing naphazoline, xylometazoline or oxymetazoline','6'),
(702,3004,90,9800,'0','0','Herbal medicaments','6'),
(703,3004,90,9900,'0','0','Other','6'),
(704,3005,10,1000,'0','0','Impregnated or coated with pharmaceutical substances','6'),
(705,3005,10,9000,'0','0','Other','6'),
(706,3005,90,1000,'0','0','Bandages','6'),
(707,3005,90,2000,'0','0','Gauze','6'),
(708,3005,90,9000,'0','0','Other','6'),
(709,3006,10,1000,'0','0','Sterile absorbable surgical or dental yarn, sterile surgical or dental adhesion barriers, whether or not absorbable','6'),
(710,3006,10,9000,'0','0','Other','6'),
(711,3006,20,0000,'0','0','Bloodgrouping reagents','6'),
(712,3006,30,1000,'0','0','Barium sulphate, of a kind taken orally','6'),
(713,3006,30,2000,'0','0','Reagent of microbial origin, of a kind suitable for veterinary biological diagnosis','6'),
(714,3006,30,3000,'0','0','Other microbial diagnosis reagents','6'),
(715,3006,30,9000,'0','0','Other','6'),
(716,3006,40,1010,'0','0','Dental alloys','6'),
(717,3006,40,1090,'0','0','Other','6'),
(718,3006,40,2000,'0','0','Bone reconstruction cements','6'),
(719,3006,50,0000,'0','0','Firstaid boxes and kits','6'),
(720,3006,60,0000,'0','0','Chemical contraceptive preparations based on hormones, on other products of heading 29.37 or on spermicides','6'),
(721,3006,70,0000,'0','0','Gel preparations designed to be used in human or veterinary medicine as a lubricant for parts of the body for surgical operations or a physical examinations or as a coupling agent between the body and medical instruments','6'),
(722,3006,91,0000,'0','0','Appliances identifiable for ostomy use','6'),
(723,3006,92,1000,'0','0','Of medicaments for the treatment of cancer, HIV/AIDS or other intractable diseases','6'),
(724,3006,92,9000,'0','0','Other','6'),
(725,3901,10,1200,'10.00%','0','Linear LowDensity Polyethylene (LLDPE)','6'),
(726,3901,10,1900,'10.00%','0','Other','6'),
(727,3901,10,9200,'10.00%','0','Linear LowDensity Polyethylene (LLDPE)','6'),
(728,3901,10,9900,'10.00%','0','Other','6'),
(729,3901,20,0000,'10.00%','0','Polyethylene having a specific gravity of 0.94 or more','6'),
(730,3901,30,0000,'0','0','Ethylenevinyl acetate copolymers','6'),
(731,3901,40,0010,'0','0','In dispersion','6'),
(732,3901,40,0090,'0','0','Other','6'),
(733,3901,90,4000,'0','0','In dispersion','6'),
(734,3901,90,9000,'0','0','Other','6'),
(735,3902,10,3000,'0','0','In dispersion','6'),
(736,3902,10,4000,'10.00%','0','Granules, pellets, beads, flakes, chips and similar forms','6'),
(737,3902,10,9000,'0','0','Other','6'),
(738,3902,20,0000,'0','0','Polyisobutylene','6'),
(739,3902,30,3000,'10.00%','0','In the form of liquids or pastes','6'),
(740,3902,30,9000,'10.00%','0','Other','6'),
(741,3902,90,1000,'0','0','Chlorinated polypropylene of a kind suitable for use in printing ink formulation','6'),
(742,3902,90,9000,'0','0','Other','6'),
(743,3903,11,1000,'0','0','In the form of granules','6'),
(744,3903,11,9000,'0','0','Other','6'),
(745,3903,19,1000,'0','0','In dispersion','6'),
(746,3903,19,2000,'0','0','Granules, pellets, beads, flakes, chips and similar forms','6'),
(747,3903,19,9000,'0','0','Other','6'),
(748,3903,20,4000,'10.00%','0','In aqueous dispersion','6'),
(749,3903,20,5000,'10.00%','0','In nonaqueous dispersion','6'),
(750,3903,20,9000,'0','0','Other','6'),
(751,3903,30,4000,'10.00%','0','In aqueous dispersion','6'),
(752,3903,30,5000,'10.00%','0','In nonaqueous dispersion','6'),
(753,3903,30,6000,'0','0','In the form of granules','6'),
(754,3903,30,9000,'0','0','Other','6'),
(755,3903,90,3000,'10.00%','0','In dispersion','6'),
(756,3903,90,9100,'0','0','Impact Polystyrene of notched izod impact at 230C less than 80J/m','6'),
(757,3903,90,9900,'0','0','Other','6'),
(758,3904,10,1000,'10.00%','0','Homopolymers, suspension type','6'),
(759,3904,10,9100,'10.00%','0','In the form of granules','6'),
(760,3904,10,9200,'10.00%','0','In the form of powder','6'),
(761,3904,10,9900,'10.00%','0','Other','6'),
(762,3904,21,1000,'10.00%','0','In the form of granules','6'),
(763,3904,21,2000,'10.00%','0','In the form of powder','6'),
(764,3904,21,9000,'10.00%','0','Other','6'),
(765,3904,22,1000,'0','0','In dispersion','6'),
(766,3904,22,2000,'10.00%','0','In the form of granules','6'),
(767,3904,22,3000,'10.00%','0','In the form of powder','6'),
(768,3904,22,9000,'10.00%','0','Other','6'),
(769,3904,30,1000,'0','0','In the form of granules','6'),
(770,3904,30,2000,'0','0','In the form of powder','6'),
(771,3904,30,9000,'0','0','Other','6'),
(772,3904,40,1000,'0','0','In the form of granules','6'),
(773,3904,40,2000,'0','0','In the form of powder','6'),
(774,3904,40,9000,'0','0','Other','6'),
(775,3904,50,4000,'10.00%','0','In dispersion','6'),
(776,3904,50,5000,'0','0','In the form of granules','6'),
(777,3904,50,6000,'0','0','In the form of powder','6'),
(778,3904,50,9000,'0','0','Other','6'),
(779,3904,61,1000,'0','0','In the form of granules','6'),
(780,3904,61,2000,'0','0','In the form of powder','6'),
(781,3904,61,9000,'0','0','Other','6'),
(782,3904,69,3000,'0','0','In dispersion','6'),
(783,3904,69,4000,'0','0','In the form of granules','6'),
(784,3904,69,5000,'0','0','In the form of powder','6'),
(785,3904,69,9000,'0','0','Other','6'),
(786,3904,90,3000,'0','0','In dispersion','6'),
(787,3904,90,4000,'0','0','In the form of granules','6'),
(788,3904,90,5000,'0','0','In the form of powder','6'),
(789,3904,90,9000,'0','0','Other','6'),
(790,3905,12,0000,'10.00%','0','In aqueous dispersion','6'),
(791,3905,19,1000,'0','0','In the form of liquids or pastes','6'),
(792,3905,19,9000,'0','0','Other','6'),
(793,3905,21,0000,'10.00%','0','In aqueous dispersion','6'),
(794,3905,29,0000,'0','0','Other','6'),
(795,3905,30,1000,'10.00%','0','In dispersion','6'),
(796,3905,30,9000,'0','0','Other','6'),
(797,3905,91,1000,'10.00%','0','In dispersion','6'),
(798,3905,91,9000,'0','0','Other','6'),
(799,3905,99,1000,'0','0','In aqueous dispersion','6'),
(800,3905,99,2000,'0','0','In nonaqueous dispersion','6'),
(801,3905,99,9000,'0','0','Other','6'),
(802,3906,10,1000,'10.00%','0','In dispersion','6'),
(803,3906,10,9000,'0','0','Other','6'),
(804,3906,90,2000,'10.00%','0','In dispersion','6'),
(805,3906,90,9200,'0','0','Sodium polyacrylate','6'),
(806,3906,90,9900,'0','0','Other','6'),
(807,3907,10,0000,'0','0','Polyacetals','6'),
(808,3907,20,1000,'0','0','Polytetramethylene ether glycol','6'),
(809,3907,20,9000,'0','0','Other','6'),
(810,3907,30,2000,'0','0','Of a kind used for coating, in powder form','6'),
(811,3907,30,3000,'0','0','In the form of liquids or pastes','6'),
(812,3907,30,9000,'0','0','Other','6'),
(813,3907,40,0000,'0','0','Polycarbonates','6'),
(814,3907,50,1000,'10.00%','0','In the form of liquids or pastes','6'),
(815,3907,50,9000,'10.00%','0','Other','6'),
(816,3907,61,0000,'15.00%','0','Having a viscosity number of 78ml/g or higher','6'),
(817,3907,69,1000,'15.00%','0','In the form of granules','6'),
(818,3907,69,9000,'15.00%','0','Other','6'),
(819,3907,70,0000,'5.00%','0','Poly(lactic acid)','6'),
(820,3907,91,2000,'0','0','Granules and similar forms','6'),
(821,3907,91,3000,'10.00%','0','In the form of liquids or pastes','6'),
(822,3907,91,9000,'10.00%','0','Other','6'),
(823,3907,99,4000,'10.00%','0','Of a kind used for coating, in powder form','6'),
(824,3907,99,9010,'10.00%','0','Thermoplastic liquid crystal aromatic polyester copolymers','6'),
(825,3907,99,9090,'10.00%','0','Other','6'),
(826,3908,10,1000,'0','0','Polyamide6','6'),
(827,3908,10,9000,'0','0','Other','6'),
(828,3908,90,0000,'0','0','Other','6'),
(829,3909,10,1000,'0','0','Moulding compounds','6'),
(830,3909,10,9000,'0','0','Other','6'),
(831,3909,20,1000,'0','0','Moulding compounds','6'),
(832,3909,20,9000,'0','0','Other','6'),
(833,3909,31,0000,'0','0','Poly(methylene phenyl isocyanate) (crude MDI, polymeric MDI)','6'),
(834,3909,39,1000,'0','0','Moulding compounds','6'),
(835,3909,39,9100,'10.00%','0','Glyoxal monourein resin','6'),
(836,3909,39,9900,'0','0','Other','6'),
(837,3909,40,1000,'0','0','Moulding compounds other than phenol formaldehyde','6'),
(838,3909,40,9000,'0','0','Other','6'),
(839,3909,50,0000,'0','0','Polyurethanes','6'),
(840,3910,00,2000,'0','0','In dispersion and in solution','6'),
(841,3910,00,9000,'0','0','Other','6'),
(842,3911,10,0000,'0','0','Petroleum resins, coumarone, indene or coumaroneindene resins and polyterpenes','6'),
(843,3911,90,0000,'0','0','Other','6'),
(844,3912,11,0000,'0','0','Nonplasticised','6'),
(845,3912,12,0000,'0','0','Plasticised','6'),
(846,3912,20,1100,'0','0','Waterbased semifinished nitrocellulose','6'),
(847,3912,20,1900,'0','0','Other','6'),
(848,3912,20,2000,'0','0','Plasticised','6'),
(849,3912,31,0000,'0','0','Carboxymethylcellulose and its salts','6'),
(850,3912,39,0000,'0','0','Other','6'),
(851,3912,90,2000,'0','0','In the forms of granules','6'),
(852,3912,90,9000,'0','0','Other','6'),
(853,3913,10,0000,'0','0','Alginic acid, its salts and esters','6'),
(854,3913,90,1000,'5.00%','0','Hardened proteins','6'),
(855,3913,90,2000,'10.00%','0','Chemical derivatives of natural rubber','6'),
(856,3913,90,3000,'20.00%','0','Starchbased polymers','6'),
(857,3913,90,9000,'0','0','Other','6'),
(858,3914,00,0000,'0','0','Ionexchangers based on polymers of headings 39.01 to 39.13, in primary forms','6'),
(859,3915,10,1000,'30.00%','0','Of nonrigid cellular products','6'),
(860,3915,10,9000,'25.00%','0','Other','6'),
(861,3915,20,1000,'30.00%','0','Of nonrigid cellular products','6'),
(862,3915,20,9000,'25.00%','0','Other','6'),
(863,3915,30,1000,'30.00%','0','Of nonrigid cellular products','6'),
(864,3915,30,9000,'25.00%','0','Other','6'),
(865,3915,90,0011,'30.00%','0','Of nonrigid cellular products','6'),
(866,3915,90,0019,'25.00%','0','Other','6'),
(867,3915,90,0021,'30.00%','0','Of nonrigid cellular products','6'),
(868,3915,90,0022,'5.00%','0','Of phenolic resins','6'),
(869,3915,90,0023,'5.00%','0','Of aminoresins','6'),
(870,3915,90,0029,'25.00%','0','Other','6'),
(871,3915,90,0030,'25.00%','0','Of regenerated cellulose, cellulose nitrate, cellulose acetate and other cellulose esters, cellulose ethers and other chemical derivatives of cellulose','6'),
(872,3915,90,0040,'5.00%','0','Of hardened proteins','6'),
(873,3915,90,0050,'5.00%','0','Of chemical derivatives of natural rubber','6'),
(874,3915,90,0090,'0','0','Other','6'),
(875,3916,10,1000,'20.00%','0','Monofilament','6'),
(876,3916,10,2000,'20.00%','0','Rods, sticks and profile shapes','6'),
(877,3916,20,1000,'20.00%','0','Monofilament','6'),
(878,3916,20,2000,'20.00%','0','Rods, sticks and profile shapes','6'),
(879,3916,90,4100,'5.00%','0','Monofilament','6'),
(880,3916,90,4200,'5.00%','0','Rods, sticks and profile shapes','6'),
(881,3916,90,5000,'20.00%','0','Of vulcanised fibre','6'),
(882,3916,90,6000,'5.00%','0','Of chemical derivatives of natural rubber','6'),
(883,3916,90,7000,'20.00%','0','Of other addition polymerisation products, of regenerated cellulose, of cellulose nitrate, cellulose acetate and other cellulose esters, cellulose ethers and other chemical derivatives of cellulose, plasticised','6'),
(884,3916,90,8010,'5.00%','0','Of phenolic resins, of aminoresins','6'),
(885,3916,90,8020,'20.00%','0','Of polyamides','6'),
(886,3916,90,8090,'20.00%','0','Other','6'),
(887,3916,90,9100,'0','0','Monofilament','6'),
(888,3916,90,9200,'0','0','Rods, sticks and profile shapes','6'),
(889,3917,10,1000,'0','0','Of hardened proteins','6'),
(890,3917,10,9000,'20.00%','0','other','6'),
(891,3917,21,0000,'20.00%','0','Of polymers of ethylene','6'),
(892,3917,22,0000,'20.00%','0','Of polymers of propylene','6'),
(893,3917,23,0000,'20.00%','0','Of polymers of vinyl chloride','6'),
(894,3917,29,1100,'20.00%','0','Of other addition polymerisation products','6'),
(895,3917,29,1200,'20.00%','0','Of aminoresins, of cellulose, plasticised, of vulcanised fibre, of hardened proteins, of chemical derivatives of natural rubber','6'),
(896,3917,29,1900,'20.00%','0','Other','6'),
(897,3917,29,2100,'20.00%','0','Of other addition polymerisation products','6'),
(898,3917,29,2200,'5.00%','0','Of phenolic resins','6'),
(899,3917,29,2300,'5.00%','0','Of aminoresins, of hardened proteins, of chemical derivatives of natural rubber','6'),
(900,3917,29,2400,'20.00%','0','Of cellulose nitrate, cellulose acetates and other chemical dervatives of cellulose, plasticised, of vulcanised fibre','6'),
(901,3917,29,2500,'20.00%','0','Of other condensation or rearrangement polymerisation products','6'),
(902,3917,29,2900,'0','0','Other','6'),
(903,3917,31,1100,'20.00%','0','Of addition polymerisation products','6'),
(904,3917,31,1200,'20.00%','0','Of aminoresins, of phenolic resins, of vulcanised fibre, of chemical derivatives of natural rubber','6'),
(905,3917,31,1900,'20.00%','0','Other','6'),
(906,3917,31,2100,'20.00%','0','Of addition polymerisation products','6'),
(907,3917,31,2300,'5.00%','0','Of aminoresins, of phenolic resins, of chemical derivatives of natural rubber','6'),
(908,3917,31,2400,'20.00%','0','Of vulcanised fibre','6'),
(909,3917,31,2500,'20.00%','0','Of other condensation or rearrangement polymerisation products, of cellulose nitrate, cellulose acetates and other chemical derivatives of cellulose, plasticised','6'),
(910,3917,31,2900,'0','0','Other','6'),
(911,3917,32,1000,'0','0','Sausage or ham casings','6'),
(912,3917,32,2011,'20.00%','0','Of addition polymerisation products, of phenolic resins or amino resins, of chemical derivatives of natural rubber','6'),
(913,3917,32,2019,'20.00%','0','Other','6'),
(914,3917,32,2091,'20.00%','0','Of addition polymerisation products','6'),
(915,3917,32,2092,'5.00%','0','Of aminoresins or phenolic resins, of chemical derivatives of natural rubber','6'),
(916,3917,32,2093,'20.00%','0','Of other condensation or rearrangement polymerisation products, of vulcanised fibre, of cellulose nitrate, cellulose acetates and other chemical derivatives of cellulose, plasticised','6'),
(917,3917,32,2099,'0','0','Other','6'),
(918,3917,32,9100,'20.00%','0','Of addition polymerisation products, of phenolic resins or amino resins, of chemical derivatives of natural rubber','6'),
(919,3917,32,9200,'20.00%','0','Other','6'),
(920,3917,32,9300,'20.00%','0','Of addition polymerisation products','6'),
(921,3917,32,9400,'5.00%','0','Of aminoresins or phenolic resins, of chemical derivatives of natural rubber','6'),
(922,3917,32,9500,'20.00%','0','Of other condensation or rearrangement polymerisation products, of vulcanised fibre, of cellulose nitrate, cellulose acetates and other chemical derivatives of cellulose, plasticised','6'),
(923,3917,32,9900,'0','0','Other','6'),
(924,3917,33,1000,'20.00%','0','Other, further worked than merely surface worked','6'),
(925,3917,33,9100,'20.00%','0','Of other addition polymerisation products','6'),
(926,3917,33,9200,'20.00%','0','Of condensation or rearrangement polymerisation products','6'),
(927,3917,33,9300,'20.00%','0','Of cellulose nitrate, cellulose acetates and other chemical derivatives of cellulose, plasticised','6'),
(928,3917,33,9400,'20.00%','0','Of vulcanised fibre','6'),
(929,3917,33,9500,'20.00%','0','Of hardened proteins','6'),
(930,3917,33,9600,'20.00%','0','Of chemical derivatives of natural rubber','6'),
(931,3917,33,9900,'20.00%','0','Other','6'),
(932,3917,39,1100,'20.00%','0','Of addition polymerisation products, of vulcanised fibre','6'),
(933,3917,39,1200,'20.00%','0','Of phenolic resins or amino resins, of chemical derivatives of natural rubber','6'),
(934,3917,39,1300,'20.00%','0','Of cellulose nitrate, cellulose acetates and other chemical derivatives of cellulose, plasticised','6'),
(935,3917,39,1900,'20.00%','0','Other','6'),
(936,3917,39,9100,'20.00%','0','Of addition polymerisation products, of vulcanised fibre','6'),
(937,3917,39,9200,'5.00%','0','Of phenolic resins or amino resins, of chemical derivatives of natural rubber','6'),
(938,3917,39,9300,'20.00%','0','Of other condensation or rearrangement polymerisation products','6'),
(939,3917,39,9400,'20.00%','0','Of cellulose nitrate, cellulose acetates and other chemical derivatives of cellulose, plasticised','6'),
(940,3917,39,9900,'3.00%','0','Other','6'),
(941,3917,40,0000,'20.00%','0','Fittings','6'),
(942,3918,10,1100,'20.00%','0','Tiles','6'),
(943,3918,10,1900,'20.00%','0','Other','6'),
(944,3918,10,9000,'20.00%','0','Other','6'),
(945,3918,90,1100,'20.00%','0','Tiles, of polyethylene','6'),
(946,3918,90,1300,'20.00%','0','Other, of polyethylene','6'),
(947,3918,90,1400,'5.00%','0','Of chemical derivatives of natural rubber','6'),
(948,3918,90,1500,'20.00%','0','Of other addition polymerisation products, of condensation or rearrangement polymerisation products, of cellulose nitrate, cellulose acetate or other chemical derivatives of cellulose, plasticised','6'),
(949,3918,90,1600,'20.00%','0','Of vulcanised fibre','6'),
(950,3918,90,1900,'0','0','Other','6'),
(951,3918,90,9100,'20.00%','0','Of polyethylene','6'),
(952,3918,90,9200,'5.00%','0','Of chemical derivatives of natural rubber','6'),
(953,3918,90,9300,'20.00%','0','Of other addition polymerisation products, of condensation or rearrangement polymerisation products, of cellulose nitrate, cellulose acetate or other chemical derivatives of cellulose, plasticised','6'),
(954,3918,90,9400,'20.00%','0','Of vulcanised fibre','6'),
(955,3918,90,9900,'0','0','Other','6'),
(956,3919,10,1000,'20.00%','0','Of polymers of vinyl chloride','6'),
(957,3919,10,2000,'20.00%','0','Of polyethylene','6'),
(958,3919,10,9100,'5.00%','0','Of hardened protein or chemical derivatives of natural rubber','6'),
(959,3919,10,9200,'20.00%','0','Of addition polymerisation products, of condensation or rearrangement polymerisation products, of cellulose nitrate, cellulose acetates and other chemical derivatives of cellulose, plasticised','6'),
(960,3919,10,9900,'0','0','Other','6'),
(961,3919,90,1000,'20.00%','0','Of polymers of vinyl chloride','6'),
(962,3919,90,2000,'5.00%','0','Of hardened proteins','6'),
(963,3919,90,9100,'5.00%','0','Of chemical derivatives of natural rubber','6'),
(964,3919,90,9200,'20.00%','0','Of addition polymerisation products, of condensation or rearrangement polymerisation products, of cellulose nitrate, cellulose acetates and other chemical derivatives of cellulose, plasticised','6'),
(965,3919,90,9900,'20.00%','0','Other','6'),
(966,3920,10,1100,'20.00%','0','Rigid','6'),
(967,3920,10,1900,'20.00%','0','Other','6'),
(968,3920,10,9000,'20.00%','0','Other','6'),
(969,3920,20,1000,'20.00%','0','Biaxially oriented polypropylene (BOPP) film','6'),
(970,3920,20,9100,'20.00%','0','Plates and sheets','6'),
(971,3920,20,9900,'20.00%','0','Other','6'),
(972,3920,30,2000,'20.00%','0','Acrylonitrile butadiene styrene (ABS) sheets of a kind used in the manufacture of refrigerators','6'),
(973,3920,30,9100,'20.00%','0','Plates and sheets, rigid','6'),
(974,3920,30,9200,'20.00%','0','Other, plates and sheets','6'),
(975,3920,30,9900,'20.00%','0','Other','6'),
(976,3920,43,1000,'20.00%','0','Plates and sheets','6'),
(977,3920,43,9000,'20.00%','0','Other','6'),
(978,3920,49,0000,'20.00%','0','Other','6'),
(979,3920,51,1100,'20.00%','0','Rigid','6'),
(980,3920,51,1900,'20.00%','0','Other','6'),
(981,3920,51,9000,'20.00%','0','Other','6'),
(982,3920,59,1100,'20.00%','0','Rigid','6'),
(983,3920,59,1900,'20.00%','0','Other','6'),
(984,3920,59,9000,'20.00%','0','Other','6'),
(985,3920,61,1000,'25.00%','0','Plates and sheets','6'),
(986,3920,61,9000,'20.00%','0','Other','6'),
(987,3920,62,1000,'20.00%','0','Plates and sheets','6'),
(988,3920,62,9000,'20.00%','0','Other','6'),
(989,3920,63,1000,'20.00%','0','Plates and sheets','6'),
(990,3920,63,9000,'20.00%','0','Other','6'),
(991,3920,69,1000,'20.00%','0','Plates and sheets','6'),
(992,3920,69,9000,'20.00%','0','Other','6'),
(993,3920,71,1000,'20.00%','0','Cellophane film','6'),
(994,3920,71,9100,'20.00%','0','Printed sheets','6'),
(995,3920,71,9900,'20.00%','0','Other','6'),
(996,3920,73,0000,'20.00%','0','Of celluloe acetate','6'),
(997,3920,79,1000,'5.00%','0','Of nitrocellulose (gun cotton)','6'),
(998,3920,79,2000,'20.00%','0','Of vulcanised fibre','6'),
(999,3920,79,9110,'20.00%','0','Non rigid products','6'),
(1000,3920,79,9190,'20.00%','0','Other','6');


INSERT INTO intuglo.hs_code(hs_code_id,hs_code_header,hs_code_sub,hs_code_item,tax_import,tax_export,description,gst_percentage) VALUES 
(1001,3920,79,9900,'20.00%','0','Other','6'),
(1002,3920,91,1000,'20.00%','0','Film of a kind used in safety glass, of a thickness exceeding 0.38mm but not exceeding 0.76mm, and of a width not exceeding 2m.','6'),
(1003,3920,91,9100,'20.00%','0','Plates and sheets','6'),
(1004,3920,91,9900,'20.00%','0','Other','6'),
(1005,3920,92,1000,'20.00%','0','Of polyamide6','6'),
(1006,3920,92,9100,'20.00%','0','Plates and sheets','6'),
(1007,3920,92,9900,'20.00%','0','Other','6'),
(1008,3920,93,1000,'20.00%','0','Plates and sheets','6'),
(1009,3920,93,9000,'20.00%','0','Other','6'),
(1010,3920,94,1000,'20.00%','0','Phenol formaldeyde (bakelite) sheets','6'),
(1011,3920,94,9100,'20.00%','0','Plates and sheets','6'),
(1012,3920,94,9900,'20.00%','0','Other','6'),
(1013,3920,99,1000,'5.00%','0','Of hardened proteins, of chemical derivatives of natural rubber','6'),
(1014,3920,99,2100,'20.00%','0','Plates and sheets','6'),
(1015,3920,99,2900,'20.00%','0','Other','6'),
(1016,3920,99,3100,'20.00%','0','Plates and sheets','6'),
(1017,3920,99,3900,'20.00%','0','Other','6'),
(1018,3920,99,9000,'0','0','Other','6'),
(1019,3921,11,2010,'20.00%','0','Plates and sheets','6'),
(1020,3921,11,2090,'0','0','Other','6'),
(1021,3921,11,9100,'20.00%','0','Plates and sheets','6'),
(1022,3921,11,9200,'20.00%','0','Film','6'),
(1023,3921,11,9910,'20.00%','0','Blocks','6'),
(1024,3921,11,9990,'20.00%','0','Other','6'),
(1025,3921,12,0000,'20.00%','0','Of polymers of vinyl chloride','6'),
(1026,3921,13,1010,'20.00%','0','Plates and sheets','6'),
(1027,3921,13,1090,'0','0','Other','6'),
(1028,3921,13,9100,'20.00%','0','Plates and sheets','6'),
(1029,3921,13,9200,'20.00%','0','Film','6'),
(1030,3921,13,9900,'20.00%','0','Other','6'),
(1031,3921,14,2010,'20.00%','0','Plates and sheets','6'),
(1032,3921,14,2090,'0','0','Other','6'),
(1033,3921,14,9100,'20.00%','0','Plates and sheets','6'),
(1034,3921,14,9200,'20.00%','0','Film','6'),
(1035,3921,14,9910,'20.00%','0','Blocks','6'),
(1036,3921,14,9990,'20.00%','0','Other','6'),
(1037,3921,19,2015,'20.00%','0','Plates and sheets, of polypropylene','6'),
(1038,3921,19,2016,'20.00%','0','Other, plates and sheets','6'),
(1039,3921,19,2019,'0','0','Other','6'),
(1040,3921,19,2024,'0','0','Plates and sheets','6'),
(1041,3921,19,2029,'20.00%','0','Other','6'),
(1042,3921,19,2034,'5.00%','0','Of nitrocellulose (guncotton)','6'),
(1043,3921,19,2035,'0','0','Plates and sheets','6'),
(1044,3921,19,2039,'20.00%','0','Other','6'),
(1045,3921,19,2040,'20.00%','0','Of vulcanised fibre','6'),
(1046,3921,19,2070,'5.00%','0','Of hardened proteins, of chemical derivatives of natural rubber','6'),
(1047,3921,19,2090,'0','0','Other','6'),
(1048,3921,19,9111,'5.00%','0','Of nitrocellulose (guncotton)','6'),
(1049,3921,19,9119,'20.00%','0','Other','6'),
(1050,3921,19,9120,'20.00%','0','Of other addition polymerisation products, of other condensation or rearrangement polymerisation products, of vulcanised fibre','6'),
(1051,3921,19,9130,'5.00%','0','Of hardened proteins, of chemical derivatives of natural rubber','6'),
(1052,3921,19,9190,'0','0','Other','6'),
(1053,3921,19,9211,'5.00%','0','Of nitrocellulose (guncotton)','6'),
(1054,3921,19,9219,'20.00%','0','Other','6'),
(1055,3921,19,9220,'20.00%','0','Of other addition polymerisation products, of other condensation or rearrangement polymerisation products, of vulcanised fibre','6'),
(1056,3921,19,9230,'5.00%','0','Of hardened proteins, of chemical derivatives of natural rubber','6'),
(1057,3921,19,9290,'0','0','Other','6'),
(1058,3921,19,9911,'5.00%','0','Of nitrocellulose (guncotton)','6'),
(1059,3921,19,9919,'20.00%','0','Other','6'),
(1060,3921,19,9920,'20.00%','0','Of other addition polymerisation products, of other condensation or rearrangement polymerisation products, of vulcanised fibre','6'),
(1061,3921,19,9930,'5.00%','0','Of hardened proteins, of chemical derivatives of natural rubber','6'),
(1062,3921,19,9990,'0','0','Other','6'),
(1063,3921,90,1000,'20.00%','0','Of vulcanised fibre','6'),
(1064,3921,90,2000,'5.00%','0','Of hardened proteins','6'),
(1065,3921,90,3000,'5.00%','0','Of chemical derivatives of natural rubber','6'),
(1066,3921,90,4100,'20.00%','0','Plates and sheets','6'),
(1067,3921,90,4200,'20.00%','0','Film','6'),
(1068,3921,90,4300,'20.00%','0','Textile laminated strip','6'),
(1069,3921,90,4900,'5.00%','0','Other','6'),
(1070,3921,90,5000,'20.00%','0','Of regenerated cellulose','6'),
(1071,3921,90,6000,'20.00%','0','Of other cellulose or its chemical derivatives','6'),
(1072,3921,90,9010,'20.00%','0','Of additional polymerisation products','6'),
(1073,3921,90,9090,'0','0','Other','6'),
(1074,3922,10,1100,'20.00%','0','Bathubs having rectangular or oblong interior shapes','6'),
(1075,3922,10,1900,'5.00%','0','Other','6'),
(1076,3922,10,9000,'5.00%','0','Other','6'),
(1077,3922,20,0000,'5.00%','0','Lavatory seats and covers','6'),
(1078,3922,90,1100,'20.00%','0','Parts of flushing cisterns','6'),
(1079,3922,90,1200,'0','0','Flushing cisterns equipped with their mechanisms','6'),
(1080,3922,90,1900,'5.00%','0','Other','6'),
(1081,3922,90,9000,'5.00%','0','Other','6'),
(1082,3923,10,1000,'20.00%','0','Cases for film, tape and optical discs','6'),
(1083,3923,10,9000,'20.00%','0','Other','6'),
(1084,3923,21,1100,'20.00%','0','Of a width of 315mm or more and a length of 410mm or more, incorporating a sealed gland','6'),
(1085,3923,21,1900,'20.00%','0','Other','6'),
(1086,3923,21,9100,'20.00%','0','Aseptic bags not reinforced with aluminium foil (other than retort pouches), of a width of 315mm or more and a length of 410mm or more, incorporating a sealed gland','6'),
(1087,3923,21,9900,'20.00%','0','Other','6'),
(1088,3923,29,1000,'20.00%','0','Aseptic bags whether or not reinforced with aluminium foil (other than retort pouches), of a width of 315mm or more and of a length of 410mm or more, incorporating a sealed gland','6'),
(1089,3923,29,9000,'20.00%','0','Other','6'),
(1090,3923,30,2000,'20.00%','0','Multilayer fibreglass reinforced containers, for compressed or liquefied gas','6'),
(1091,3923,30,9000,'20.00%','0','Other','6'),
(1092,3923,40,1000,'5.00%','0','Suitable for use with the machines of heading 84.44, 84.45 or 84.48','6'),
(1093,3923,40,9000,'20.00%','0','Other','6'),
(1094,3923,50,0000,'20.00%','0','Stoppers, lids, caps and other closures','6'),
(1095,3923,90,1000,'20.00%','0','Toothpaste tubes','6'),
(1096,3923,90,9000,'20.00%','0','Other','6'),
(1097,3924,10,1000,'20.00%','0','Of melamine','6'),
(1098,3924,10,9010,'20.00%','0','Baby feeding bottles','6'),
(1099,3924,10,9090,'20.00%','0','Other','6'),
(1100,3924,90,1000,'0','0','Bed pans, urinals(portable type) or chamberpots','6'),
(1101,3924,90,2000,'0','0','Nipple former, breastshells, nipple shields, hand expression funnel','6'),
(1102,3924,90,3000,'0','0','Supplementary feeding system for babies','6'),
(1103,3924,90,9020,'0','0','Articles related to baby feeding','6'),
(1104,3924,90,9090,'20.00%','0','Other','6'),
(1105,3925,10,0000,'20.00%','0','Reservoirs, tanks, vats and similar containers, of a capacity exceeding 300l','6'),
(1106,3925,20,0000,'20.00%','0','Doors, windows and their frames and threshould for doors','6'),
(1107,3925,30,0000,'20.00%','0','Shutters, blinds (including Venetian blinds) and similar articles and parts thereof','6'),
(1108,3925,90,0000,'20.00%','0','Other','6'),
(1109,3926,10,0000,'20.00%','0','Office or school supplies','6'),
(1110,3926,20,6000,'20.00%','0','Articles of apparel used for protection from chemical substances, radiaton or fire','6'),
(1111,3926,20,9000,'20.00%','0','Other','6'),
(1112,3926,30,0000,'0','0','Fittings for furniture, coachwork or the like','6'),
(1113,3926,40,0000,'20.00%','0','Statuettes and other ornamental articles','6'),
(1114,3926,90,1000,'20.00%','0','Floats for fishing nets','6'),
(1115,3926,90,2000,'5.00%','0','Fans and handscreens, frames and handles therefor, and parts thereof','6'),
(1116,3926,90,3200,'20.00%','0','Plastic moulds with denture imprints','6'),
(1117,3926,90,3900,'20.00%','0','Other','6'),
(1118,3926,90,4100,'20.00%','0','Police shields','6'),
(1119,3926,90,4200,'20.00%','0','Protective masks for use in welding and similar work','6'),
(1120,3926,90,4400,'20.00%','0','Life saving cushions for the protection of persons falling from heights','6'),
(1121,3926,90,4900,'20.00%','0','Other','6'),
(1122,3926,90,5300,'20.00%','0','Transmission or conveyor belts or belting','6'),
(1123,3926,90,5500,'20.00%','0','Plastic Jhooks or bunch blocks for detonators','6'),
(1124,3926,90,5900,'20.00%','0','Other','6'),
(1125,3926,90,6000,'20.00%','0','Poultry feeders','6'),
(1126,3926,90,7000,'5.00%','0','Padding for articles of apparel or clothing accessories','6'),
(1127,3926,90,8100,'20.00%','0','Shoe lasts','6'),
(1128,3926,90,8200,'0','0','Prayer beads','6'),
(1129,3926,90,8900,'20.00%','0','Other','6'),
(1130,3926,90,9100,'20.00%','0','Of a kind used for grain storage','6'),
(1131,3926,90,9200,'20.00%','0','Empty capsules of a kind suitable for pharmaceutical use','6'),
(1132,3926,90,9900,'20.00%','0','Other','6'),
(1133,4001,10,1100,'0','0','Centrifuged concentrate rubber latex','6'),
(1134,4001,10,1900,'0','0','Other','6'),
(1135,4001,10,2100,'0','0','Centrifuged concentrate rubber latex','6'),
(1136,4001,10,2900,'0','0','Other','6'),
(1137,4001,21,1000,'0','0','RSS Grade 1','6'),
(1138,4001,21,2000,'0','0','RSS Grade 2','6'),
(1139,4001,21,3000,'0','0','RSS Grade 3','6'),
(1140,4001,21,4000,'0','0','RSS Grade 4','6'),
(1141,4001,21,5000,'0','0','RSS Grade 5','6'),
(1142,4001,21,9000,'0','0','Other','6'),
(1143,4001,22,1000,'0','0','TSNR 10','6'),
(1144,4001,22,2000,'0','0','TSNR 20','6'),
(1145,4001,22,3000,'0','0','TSNR L','6'),
(1146,4001,22,4000,'0','0','TSNR CV','6'),
(1147,4001,22,5000,'0','0','TSNR GP','6'),
(1148,4001,22,9010,'0','0','TSNR 5','6'),
(1149,4001,22,9090,'0','0','Other','6'),
(1150,4001,29,1000,'0','0','Airdried sheets','6'),
(1151,4001,29,2000,'0','0','Latex crepes','6'),
(1152,4001,29,3000,'0','0','Sole crepes','6'),
(1153,4001,29,4000,'0','0','Remilled crepes, including flat bark crepes','6'),
(1154,4001,29,5000,'0','0','Other crepes','6'),
(1155,4001,29,6000,'0','0','Superior processing rubber','6'),
(1156,4001,29,7000,'0','0','Skim rubber','6'),
(1157,4001,29,8000,'0','0','Scrap (tree, earth or smoked) and cup lump','6'),
(1158,4001,29,9110,'0','0','Processing Aid Rubber Latex (PA)','6'),
(1159,4001,29,9120,'0','0','Methyl Methacrylate Grafted Rubber (MG)','6'),
(1160,4001,29,9130,'0','0','Purified rubber  DPNR','6'),
(1161,4001,29,9140,'0','0','Rubber oil extended  OENR','6'),
(1162,4001,29,9150,'0','0','Epoxidised rubber 25 (ENR 25)','6'),
(1163,4001,29,9160,'0','0','Epoxidised rubber 50 (ENR 50)','6'),
(1164,4001,29,9190,'0','0','Other','6'),
(1165,4001,29,9900,'0','0','Other','6'),
(1166,4001,30,2011,'0','10.00%','Raw','6'),
(1167,4001,30,2012,'0','5.00%','Pressed but not refined','6'),
(1168,4001,30,2019,'0','0','Other','6'),
(1169,4001,30,2020,'0','10.00%','Of Guttapercha','6'),
(1170,4001,30,2090,'0','0','Other','6'),
(1171,4001,30,9000,'0','0','Other','6'),
(1172,4002,11,0000,'0','0','Latex','6'),
(1173,4002,19,1000,'0','0','In primary forms or in unvulcanised, uncompounded plates, sheets or strip','6'),
(1174,4002,19,9000,'25.00%','0','Other','6'),
(1175,4002,20,1000,'0','0','In primary forms','6'),
(1176,4002,20,9000,'25.00%','0','Other','6'),
(1177,4002,31,1000,'25.00%','0','Unvulcanised, uncompounded plates, sheets or strip','6'),
(1178,4002,31,9000,'0','0','Other','6'),
(1179,4002,39,1000,'25.00%','0','Unvulcanised, uncompounded plates, sheets or strip','6'),
(1180,4002,39,9000,'0','0','Other','6'),
(1181,4002,41,0000,'0','0','Latex','6'),
(1182,4002,49,1000,'0','0','In primary forms','6'),
(1183,4002,49,9000,'25.00%','0','Other','6'),
(1184,4002,51,0000,'0','0','Latex','6'),
(1185,4002,59,1000,'0','0','In primary forms','6'),
(1186,4002,59,9000,'25.00%','0','Other','6'),
(1187,4002,60,1000,'0','0','In primary forms','6'),
(1188,4002,60,9000,'25.00%','0','Other','6'),
(1189,4002,70,1000,'0','0','In primary forms','6'),
(1190,4002,70,9000,'25.00%','0','Other','6'),
(1191,4002,80,1000,'25.00%','0','Mixtures of natural rubber latex with synthetic rubber latex','6'),
(1192,4002,80,9000,'25.00%','0','Other','6'),
(1193,4002,91,0000,'0','0','Latex','6'),
(1194,4002,99,2000,'0','0','In primary forms or in unvulcanised, uncompounded plates, sheets or strip','6'),
(1195,4002,99,9000,'25.00%','0','Other','6'),
(1196,4003,00,0000,'25.00%','0','Reclaimed rubber in primary forms or in plates, sheets or strip','6'),
(1197,4004,00,0000,'25.00%','0','Waste, parings and scrap of rubber (other than hard rubber) and powders and granules obtained therefrom','6'),
(1198,4005,10,1000,'30.00%','0','Of natural gums','6'),
(1199,4005,10,9000,'25.00%','0','Other','6'),
(1200,4005,20,0000,'30.00%','0','Solutions, dispersions other than those of subheading 4005.10','6'),
(1201,4005,91,1000,'30.00%','0','Of natural gums','6'),
(1202,4005,91,9000,'25.00%','0','Other','6'),
(1203,4005,99,1000,'0','0','Latex','6'),
(1204,4005,99,2000,'5.00%','0','Natural rubber compounded with substances other than carbon or silica','6'),
(1205,4005,99,9000,'25.00%','0','Other','6'),
(1206,4006,10,0000,'25.00%','0','"Camelback" strips for retreading rubber tyres','6'),
(1207,4006,90,1100,'5.00%','0','Articles','6'),
(1208,4006,90,1900,'30.00%','0','Other','6'),
(1209,4006,90,9000,'25.00%','0','Other','6'),
(1210,4007,00,0000,'15.00%','0','Vulcanised rubber thread and cord','6'),
(1211,4008,11,1000,'5.00%','0','Exceeding 5mm in thickness, lined with textile fabric on one side','6'),
(1212,4008,11,2000,'30.00%','0','Other, floor tiles and wall tiles','6'),
(1213,4008,11,9000,'30.00%','0','Other','6'),
(1214,4008,19,0000,'30.00%','0','Other','6'),
(1215,4008,21,1000,'5.00%','0','Exceeding 5mm in thickness, lined with textile fabric on one side','6'),
(1216,4008,21,2000,'30.00%','0','Other, floor tiles and wall tiles','6'),
(1217,4008,21,3000,'30.00%','0','Water stop','6'),
(1218,4008,21,4000,'30.00%','0','Rubber soiling sheet','6'),
(1219,4008,21,9000,'30.00%','0','Other','6'),
(1220,4008,29,0000,'30.00%','0','Other','6'),
(1221,4009,11,0000,'30.00%','0','Without fittings','6'),
(1222,4009,12,1000,'30.00%','0','Mining slurry suction and discharge hoses','6'),
(1223,4009,12,9000,'30.00%','0','Other','6'),
(1224,4009,21,1000,'30.00%','0','Mining slurry suction and discharge hoses','6'),
(1225,4009,21,9000,'30.00%','0','Other','6'),
(1226,4009,22,1000,'30.00%','0','Mining slurry suction and discharge hoses','6'),
(1227,4009,22,9000,'30.00%','0','Other','6'),
(1228,4009,31,1000,'30.00%','0','Mining slurry suction and discharge hoses','6'),
(1229,4009,31,2000,'30.00%','0','Rubber hose of a kind used for gas stove','6'),
(1230,4009,31,9100,'30.00%','0','Fuel hoses, heater hoses and water hoses, of a kind used on motor vehicles of heading 87.02, 87.03, 87.04 or 87.11','6'),
(1231,4009,31,9900,'30.00%','0','Other','6'),
(1232,4009,32,1000,'30.00%','0','Mining slurry suction and discharge hoses','6'),
(1233,4009,32,2000,'30.00%','0','Rubber hose of a kind used for gas stove','6'),
(1234,4009,32,9000,'30.00%','0','Other','6'),
(1235,4009,41,1000,'30.00%','0','Rubber hose of a kind used for gas stove','6'),
(1236,4009,41,9000,'30.00%','0','Other','6'),
(1237,4009,42,1000,'30.00%','0','Mining slurry suction and discharge hoses','6'),
(1238,4009,42,2000,'30.00%','0','Rubber hose of a kind used for gas stove','6'),
(1239,4009,42,9000,'30.00%','0','Other','6'),
(1240,4010,11,0000,'30.00%','0','Reinforced only with metal','6'),
(1241,4010,12,0000,'30.00%','0','Reinforced only with textile materials','6'),
(1242,4010,19,0000,'30.00%','0','Other','6'),
(1243,4010,31,0000,'30.00%','0','Endless transmission belts of trapezoidal crosssection (Vbelts), Vribbed, of an outside circumference exceeding 60cm but not exceeding 180cm','6'),
(1244,4010,32,0000,'30.00%','0','Endless transmission belts of trapezoidal crosssection (Vbelts), other than Vribbed, of an outside circumference exceeding 60cm but not exceeding 180cm','6'),
(1245,4010,33,0000,'30.00%','0','Endless transmission belts of trapezoidal crosssection (Vbelts), Vribbed, of an outside circumference exceeding 180cm but not exceeding 240cm','6'),
(1246,4010,34,0000,'30.00%','0','Endless transmission belts of trapezoidal crosssection (Vbelts), other than Vribbed, of an outside circumference exceeding 180cm but not exceeding 240cm','6'),
(1247,4010,35,0000,'30.00%','0','Endless synchronous belts, of an outside circumference exceeding 60cm but not exceeding 150cm','6'),
(1248,4010,36,0000,'30.00%','0','Endless synchronous belts, of an outside circumference exceeding 150cm but not exceeding 198cm','6'),
(1249,4010,39,0000,'30.00%','0','Other','6'),
(1250,4011,10,0000,'40.00%','0','Of a kind used on motor cars (including station wagons and racing cars)','6'),
(1251,4011,20,1000,'40.00%','0','Of a width not exceeding 450mm','6'),
(1252,4011,20,9000,'40.00%','0','Other','6'),
(1253,4011,30,0000,'5.00%','0','Of a kind used on aircraft','6'),
(1254,4011,40,0000,'30.00%','0','Of a kind used on motorcycles','6'),
(1255,4011,50,0000,'30.00%','0','Of a kind used on bicycles','6'),
(1256,4011,70,0010,'30.00%','0','Of a kind used on agricultural or forestry tractors of 87.01, of wheelbarrows','6'),
(1257,4011,70,0090,'5.00%','0','Other','6'),
(1258,4011,80,1100,'30.00%','0','Of a kind used on tractors, machinery of heading 84.29 or 84.30, forklifts, wheelbarrows or other industrial handling vehicles and machines','6'),
(1259,4011,80,1900,'5.00%','0','Other','6'),
(1260,4011,80,2100,'30.00%','0','Of a kind used on tractors, machinery of heading 84.29 or 84.30, forklifts or other industrial handling vehicles and machines','6'),
(1261,4011,80,2900,'5.00%','0','Other','6'),
(1262,4011,90,1000,'5.00%','0','Of a kind used on vehicles of Chapter 87','6'),
(1263,4011,90,2000,'5.00%','0','Of a kind used on machinery of heading 84.29 or 84.30','6'),
(1264,4011,90,3000,'5.00%','0','Other, of a width exceeding 450mm','6'),
(1265,4011,90,9000,'5.00%','0','Other','6'),
(1266,4012,11,0000,'30.00%','0','Of a kind used on motor cars (including station wagons and racing cars)','6'),
(1267,4012,12,1000,'30.00%','0','Of a width not exceeding 450mm','6'),
(1268,4012,12,9000,'30.00%','0','Other','6'),
(1269,4012,13,0000,'5.00%','0','Of a kind used on aircraft','6'),
(1270,4012,19,3000,'30.00%','0','Of a kind used on machinery of heading 84.29 or 84.30','6'),
(1271,4012,19,4020,'30.00%','0','Of a kind used on tractors','6'),
(1272,4012,19,4090,'5.00%','0','Other','6'),
(1273,4012,19,9040,'30.00%','0','Of a kind used on forklifts or other industrial handling vehicles and machines','6'),
(1274,4012,19,9090,'5.00%','0','Other','6'),
(1275,4012,20,1000,'30.00%','0','Of a kind used on motor cars (including station wagons, racing cars)','6'),
(1276,4012,20,2100,'30.00%','0','Of a width not exceeding 450mm','6'),
(1277,4012,20,2900,'30.00%','0','Other','6'),
(1278,4012,20,3000,'5.00%','0','Of a kind used on aircraft','6'),
(1279,4012,20,4000,'30.00%','0','Of a kind used on motorcycles','6'),
(1280,4012,20,5000,'30.00%','0','Of a kind used on bicycles','6'),
(1281,4012,20,6000,'30.00%','0','Of a kind used on machinery of heading 84.29 or 84.30','6'),
(1282,4012,20,7020,'30.00%','0','Of a kind used on tractors','6'),
(1283,4012,20,7090,'5.00%','0','Other','6'),
(1284,4012,20,9100,'30.00%','0','Buffed tyres','6'),
(1285,4012,20,9930,'30.00%','0','Of a kind used on forklifts or other industrial handling vehicles and machines','6'),
(1286,4012,20,9990,'5.00%','0','Other','6'),
(1287,4012,90,1400,'30.00%','0','Solid tyres exceeding 250mm in external diameter, of a width not exceeding 450mm','6'),
(1288,4012,90,1500,'30.00%','0','Solid tyres exceeding 250mm in external diameter, of a width exceeding 450mm, for use on vehicles of heading 87.09','6'),
(1289,4012,90,1600,'30.00%','0','Other solid tyres exceeding 250mm in external diameter, of a width exceeding 450mm','6'),
(1290,4012,90,1900,'30.00%','0','Other','6'),
(1291,4012,90,2100,'5.00%','0','Of a width not exceeding 450mm','6'),
(1292,4012,90,2200,'5.00%','0','Of a width exceeding 450mm','6'),
(1293,4012,90,7000,'30.00%','0','Replaceable tyre treads of a width not exceeding 450mm','6'),
(1294,4012,90,8000,'5.00%','0','Tyre flaps','6'),
(1295,4012,90,9010,'30.00%','0','Replaceable tyre treads of a width exceeding 450mm','6'),
(1296,4012,90,9090,'5.00%','0','Other','6'),
(1297,4013,10,1100,'30.00%','0','Suitable for fitting to tyres of a width not exceeding 450mm','6'),
(1298,4013,10,1900,'30.00%','0','Suitable for fitting to tyres of a width exceeding 450mm','6'),
(1299,4013,10,2100,'30.00%','0','Suitable for fitting to tyres of a width not exceeding 450mm','6'),
(1300,4013,10,2900,'30.00%','0','Suitable for fitting to tyres of a width exceeding 450mm','6'),
(1301,4013,20,0000,'30.00%','0','Of a kind used on bicycles','6'),
(1302,4013,90,1100,'30.00%','0','Suitable for fitting to tyres of a width not exceeding 450mm','6'),
(1303,4013,90,1900,'30.00%','0','Suitable for fitting to tyres of a width exceeding 450mm','6'),
(1304,4013,90,2000,'30.00%','0','Of a kind used on motorcycles','6'),
(1305,4013,90,3100,'30.00%','0','Suitable for fitting to tyres of a width not exceeding 450mm','6'),
(1306,4013,90,3900,'30.00%','0','Suitable for fitting to tyres of a width exceeding 450mm','6'),
(1307,4013,90,4000,'5.00%','0','Of a kind used on aircraft','6'),
(1308,4013,90,9100,'30.00%','0','Suitable for fitting to tyres of a width not exceeding 450mm','6'),
(1309,4013,90,9900,'30.00%','0','Suitable for fitting to tyres of a width exceeding 450mm','6'),
(1310,4014,10,0000,'30.00%','0','Sheath contraceptives','6'),
(1311,4014,90,1000,'10.00%','0','Teats for feeding bottles and similar articles','6'),
(1312,4014,90,4000,'5.00%','0','Stoppers for pharmaceutical use','6'),
(1313,4014,90,5000,'0','0','Finger stalls','6'),
(1314,4014,90,9020,'5.00%','0','Hot water bottles','6'),
(1315,4014,90,9090,'5.00%','0','Other','6'),
(1316,4015,11,0010,'0','0','Of natural rubber','6'),
(1317,4015,11,0090,'0','0','Other','6'),
(1318,4015,19,0012,'0','0','Examination glove including medical glove','6'),
(1319,4015,19,0019,'0','0','Other','6'),
(1320,4015,19,0090,'0','0','Other','6'),
(1321,4015,90,1000,'15.00%','0','Lead aprons','6'),
(1322,4015,90,2000,'15.00%','0','Divers'' suits (wet suits)','6'),
(1323,4015,90,9000,'15.00%','0','Other','6'),
(1324,4016,10,1000,'5.00%','0','Padding for articles of apparel or clothing accessories','6'),
(1325,4016,10,2000,'30.00%','0','Floor tiles and wall tiles','6'),
(1326,4016,10,9000,'30.00%','0','Other','6'),
(1327,4016,91,1000,'5.00%','0','Mats','6'),
(1328,4016,91,2000,'5.00%','0','Tiles','6'),
(1329,4016,91,9000,'5.00%','0','Other','6'),
(1330,4016,92,1000,'0','0','Eraser tips','6'),
(1331,4016,92,9000,'5.00%','0','Other','6'),
(1332,4016,93,1000,'5.00%','0','Of a kind used to insulate the terminal leads of electrolytic capacitors','6'),
(1333,4016,93,2000,'5.00%','0','Gaskets and orings, of a kind used on motor vehicles of heading 87.02, 87.03, 87.04 or 87.11','6'),
(1334,4016,93,9010,'5.00%','0','Pipe seal rings','6'),
(1335,4016,93,9090,'5.00%','0','Other','6'),
(1336,4016,94,0000,'5.00%','0','Boat or dock fenders, whether or not inflatable','6'),
(1337,4016,95,0000,'5.00%','0','Other inflatable articles','6'),
(1338,4016,99,1100,'25.00%','0','For vehicles of heading 87.02, 87.03, 87.04 0r 87.05, other than weatherstripping','6'),
(1339,4016,99,1200,'25.00%','0','For vehicles of heading 87.11','6'),
(1340,4016,99,1300,'25.00%','0','Weatherstripping, of a kind on motor vehicles of heading 87.02, 87.03 or 87.04','6'),
(1341,4016,99,1500,'5.00%','0','For vehicles of heading 87.09, 87.13, 87.15 or 87.16','6'),
(1342,4016,99,1600,'30.00%','0','Bicycle mudguards','6'),
(1343,4016,99,1700,'5.00%','0','Bicycle parts','6'),
(1344,4016,99,1800,'25.00%','0','Other bicycle accessories','6'),
(1345,4016,99,1900,'5.00%','0','Other','6'),
(1346,4016,99,2000,'5.00%','0','Parts and accessories of rotochutes of heading 88.04','6'),
(1347,4016,99,3000,'30.00%','0','Rubber bands','6'),
(1348,4016,99,4000,'5.00%','0','Wall tiles','6'),
(1349,4016,99,5100,'5.00%','0','Rubber rollers','6'),
(1350,4016,99,5200,'5.00%','0','Tyre mould bladders','6'),
(1351,4016,99,5300,'5.00%','0','Electrical insulator hoods','6'),
(1352,4016,99,5400,'5.00%','0','Rubber grommets and rubber covers for automative wiring harnesses','6'),
(1353,4016,99,5900,'5.00%','0','Other','6'),
(1354,4016,99,6000,'5.00%','0','Rail pad','6'),
(1355,4016,99,7000,'5.00%','0','Structural bearings including bridge bearings','6'),
(1356,4016,99,9100,'5.00%','0','Table coverings','6'),
(1357,4016,99,9900,'5.00%','0','Other','6'),
(1358,4017,00,1000,'5.00%','0','Floor tiles and wall tiles','6'),
(1359,4017,00,2000,'5.00%','0','Other articles of hard rubber','6'),
(1360,4017,00,9000,'25.00%','0','Other','6'),
(1361,6201,11,0000,'0','0','Of wool of fine animal hair','6'),
(1362,6201,12,0000,'0','0','Of cotton','6'),
(1363,6201,13,0000,'0','0','Of manmade fibres','6'),
(1364,6201,19,1000,'0','0','Of silk','6'),
(1365,6201,19,2000,'0','0','Of ramie','6'),
(1366,6201,19,9000,'0','0','Other','6'),
(1367,6201,91,0000,'0','0','Of wool or fine animal hair','6'),
(1368,6201,92,0000,'0','0','Of cotton','6'),
(1369,6201,93,0000,'0','0','Of manmade fibres','6'),
(1370,6201,99,1000,'0','0','Of silk','6'),
(1371,6201,99,2000,'0','0','Of ramie','6'),
(1372,6201,99,9000,'0','0','Other','6'),
(1373,6202,11,0000,'0','0','Of wool of fine animal hair','6'),
(1374,6202,12,0000,'0','0','Of cotton','6'),
(1375,6202,13,0000,'0','0','Of manmade fibres','6'),
(1376,6202,19,1000,'0','0','Of silk','6'),
(1377,6202,19,2000,'0','0','Of ramie','6'),
(1378,6202,19,9000,'0','0','Other','6'),
(1379,6202,91,0000,'0','0','Of wool or fine animal hair','6'),
(1380,6202,92,0000,'0','0','Of cotton','6'),
(1381,6202,93,0000,'0','0','Of manmade fibres','6'),
(1382,6202,99,1000,'0','0','Of silk','6'),
(1383,6202,99,2000,'0','0','Of ramie','6'),
(1384,6202,99,9000,'0','0','Other','6'),
(1385,6203,11,0000,'0','0','Of wool or fine animal hair','6'),
(1386,6203,12,0000,'0','0','Of synthetic fibres','6'),
(1387,6203,19,1100,'0','0','Printed by traditional batik process','6'),
(1388,6203,19,1900,'0','0','Other','6'),
(1389,6203,19,2100,'0','0','Printed by traditional batik process','6'),
(1390,6203,19,2900,'0','0','Other','6'),
(1391,6203,19,9000,'0','0','Other','6'),
(1392,6203,22,1000,'0','0','Printed by traditional batik process','6'),
(1393,6203,22,9000,'0','0','Other','6'),
(1394,6203,23,0000,'0','0','Of synthetic fibres','6'),
(1395,6203,29,1000,'0','0','Of wool or fine animal hair','6'),
(1396,6203,29,9000,'0','0','Other','6'),
(1397,6203,31,0000,'0','0','Of wool or fine animal hair','6'),
(1398,6203,32,1000,'0','0','Printed by traditional batik process','6'),
(1399,6203,32,9000,'0','0','Other','6'),
(1400,6203,33,0000,'0','0','Of synthetic fibres','6'),
(1401,6203,39,0000,'0','0','Of other textile materials','6'),
(1402,6203,41,0000,'0','0','Of wool or fine animal hair','6'),
(1403,6203,42,1000,'0','0','Bib and brace overalls','6'),
(1404,6203,42,9000,'0','0','Other','6'),
(1405,6203,43,0000,'0','0','Of synthetic fibres','6'),
(1406,6203,49,1000,'0','0','Of silk','6'),
(1407,6203,49,9000,'0','0','Other','6'),
(1408,6204,11,0000,'0','0','Of wool or fine animal hair','6'),
(1409,6204,12,1000,'0','0','Printed by traditional batik process','6'),
(1410,6204,12,9000,'0','0','Other','6'),
(1411,6204,13,0000,'0','0','Of synthetic fibres','6'),
(1412,6204,19,1100,'0','0','Printed by traditional batik process','6'),
(1413,6204,19,1900,'0','0','Other','6'),
(1414,6204,19,9000,'0','0','Other','6'),
(1415,6204,21,0000,'0','0','Of wool or fine animal hair','6'),
(1416,6204,22,1000,'0','0','Printed by traditional batik process','6'),
(1417,6204,22,9000,'0','0','Other','6'),
(1418,6204,23,0000,'0','0','Of synthetic fibres','6'),
(1419,6204,29,1000,'0','0','Of silk','6'),
(1420,6204,29,9000,'0','0','Other','6'),
(1421,6204,31,0000,'0','0','Of wool or fine animal hair','6'),
(1422,6204,32,1000,'0','0','Printed by traditional batik process','6'),
(1423,6204,32,9000,'0','0','Other','6'),
(1424,6204,33,0000,'0','0','Of synthetic fibres','6'),
(1425,6204,39,1100,'0','0','Printed by traditional batik process','6'),
(1426,6204,39,1900,'0','0','Other','6'),
(1427,6204,39,9000,'0','0','Other','6'),
(1428,6204,41,0000,'0','0','Of wool or fine animal hair','6'),
(1429,6204,42,1000,'0','0','Printed by traditional batik process','6'),
(1430,6204,42,9000,'0','0','Other','6'),
(1431,6204,43,0000,'0','0','Of synthetic fibres','6'),
(1432,6204,44,0000,'0','0','Of artificial fibres','6'),
(1433,6204,49,1000,'0','0','Printed by traditional batik process','6'),
(1434,6204,49,9000,'0','0','Other','6'),
(1435,6204,51,0000,'0','0','Of wool or fine animal hair','6'),
(1436,6204,52,1000,'0','0','Printed by traditional batik process','6'),
(1437,6204,52,9000,'0','0','Other','6'),
(1438,6204,53,0000,'0','0','Of synthetic fibres','6'),
(1439,6204,59,1000,'0','0','Printed by traditional batik process','6'),
(1440,6204,59,9000,'0','0','Other','6'),
(1441,6204,61,0000,'0','0','Of wool or fine animal hair','6'),
(1442,6204,62,0000,'0','0','Of cotton','6'),
(1443,6204,63,0000,'0','0','Of synthetic fibres','6'),
(1444,6204,69,0000,'0','0','Of other textile materials','6'),
(1445,6205,20,1000,'0','0','Printed by traditional batik process','6'),
(1446,6205,20,2000,'0','0','Barong Tagalog','6'),
(1447,6205,20,9000,'0','0','Other','6'),
(1448,6205,30,1000,'0','0','Barong Tagalog','6'),
(1449,6205,30,9000,'0','0','Other','6'),
(1450,6205,90,1000,'0','0','Of wool or fine animal hair','6'),
(1451,6205,90,9100,'0','0','Printed by traditional batik process','6'),
(1452,6205,90,9200,'0','0','Barong Tagalog','6'),
(1453,6205,90,9900,'0','0','Other','6'),
(1454,6206,10,1000,'0','0','Printed by traditional batik process','6'),
(1455,6206,10,9000,'0','0','Other','6'),
(1456,6206,20,0000,'0','0','Of wool or fine animal hair','6'),
(1457,6206,30,1000,'0','0','Printed by traditional batik process','6'),
(1458,6206,30,9000,'0','0','Other','6'),
(1459,6206,40,0000,'0','0','Of manmade fibres','6'),
(1460,6206,90,0000,'0','0','Of other textile materials','6'),
(1461,6207,11,0000,'0','0','Cotton','6'),
(1462,6207,19,0000,'0','0','Of other textile materials','6'),
(1463,6207,21,1000,'0','0','Printed by traditional batik process','6'),
(1464,6207,21,9000,'0','0','Other','6'),
(1465,6207,22,0000,'0','0','Of manmade fibres','6'),
(1466,6207,29,1000,'0','0','Of silk','6'),
(1467,6207,29,9000,'0','0','Other','6'),
(1468,6207,91,0000,'0','0','Of cotton','6'),
(1469,6207,99,1000,'0','0','Of manmade fibres','6'),
(1470,6207,99,9000,'0','0','Other','6'),
(1471,6208,11,0000,'0','0','Of manmade fibres','6'),
(1472,6208,19,0000,'0','0','Of other textile materials','6'),
(1473,6208,21,1000,'0','0','Printed by traditional batik process','6'),
(1474,6208,21,9000,'0','0','Other','6'),
(1475,6208,22,0000,'0','0','Of manmade fibres','6'),
(1476,6208,29,1000,'0','0','Printed by traditional batik process','6'),
(1477,6208,29,9000,'0','0','Other','6'),
(1478,6208,91,1000,'0','0','Printed by traditional batik process','6'),
(1479,6208,91,9000,'0','0','Other','6'),
(1480,6208,92,1000,'0','0','Printed by traditional batik process','6'),
(1481,6208,92,9000,'0','0','Other','6'),
(1482,6208,99,1000,'0','0','Of wool or fine animal hair','6'),
(1483,6208,99,9000,'0','0','Other','6'),
(1484,6209,20,3000,'0','0','Tshirts, shirts, pyjamas and similar articles','6'),
(1485,6209,20,4000,'0','0','Suits, pants and similar articles','6'),
(1486,6209,20,9000,'0','0','Other','6'),
(1487,6209,30,1000,'0','0','Suits, pants and similar articles','6'),
(1488,6209,30,3000,'0','0','Tshirts, shirts, pyjamas and similar articles','6'),
(1489,6209,30,4000,'0','0','Clothing accessories','6'),
(1490,6209,30,9000,'0','0','Other','6'),
(1491,6209,90,0000,'0','0','Of other textile materials','6'),
(1492,6210,10,1100,'0','0','Garments used for protection from chemical substances, radiation or fire','6'),
(1493,6210,10,1900,'0','0','Other','6'),
(1494,6210,10,9000,'0','0','Other','6'),
(1495,6210,20,2000,'0','0','Garments used for protection from fire','6'),
(1496,6210,20,3000,'0','0','Garments used for protection from chemical substances or radiatio','6'),
(1497,6210,20,4000,'0','0','Other protective work garments','6'),
(1498,6210,20,9000,'0','0','Other','6'),
(1499,6210,30,2000,'0','0','Garments used for protection from fire','6'),
(1500,6210,30,3000,'0','0','Garments used for protection from chemical substances or radiation','6'),
(1501,6210,30,4000,'0','0','Other protective work garments','6'),
(1502,6210,30,9000,'0','0','Other','6'),
(1503,6210,40,2000,'0','0','Garments used for protection from fire','6'),
(1504,6210,40,9000,'0','0','Garments used for protection from chemical substances or radiation','6'),
(1505,6210,40,1000,'0','0','Other','6'),
(1506,6210,50,2000,'0','0','Garments used for protection from fire','6'),
(1507,6210,50,9000,'0','0','Garments used for protection from chemical substances or radiation','6'),
(1508,6210,50,0000,'0','0','Other','6'),
(1509,6211,11,0000,'0','0','Men''s or boys''','6'),
(1510,6211,12,0000,'0','0','Women''s or girls''','6'),
(1511,6211,20,1000,'0','0','Ski suits','6'),
(1512,6211,32,2000,'0','0','Garments for fencing or wrestling','6'),
(1513,6211,32,9000,'0','0','Pilgrimage robes (Ehram)','6'),
(1514,6211,32,1000,'0','0','Other','6'),
(1515,6211,33,2000,'0','0','Garments for fencing or wrestling','6'),
(1516,6211,33,3000,'0','0','Garments used for protection from fire','6'),
(1517,6211,33,9000,'0','0','Garments used for protection from chemical substances or radiation','6'),
(1518,6211,33,1000,'0','0','Other','6'),
(1519,6211,39,2000,'0','0','Garments for fencing or wrestling','6'),
(1520,6211,39,3000,'0','0','Garments used for protection from fire','6'),
(1521,6211,39,9000,'0','0','Garments used for protection from chemical substances or radiation','6'),
(1522,6211,39,1000,'0','0','Other','6'),
(1523,6211,42,2000,'0','0','Garments for fencing or wrestling','6'),
(1524,6211,42,9000,'0','0','Prayer cloaks','6'),
(1525,6211,42,1000,'0','0','Other','6'),
(1526,6211,43,0000,'5.00%','0','Surgical gowns','6'),
(1527,6211,43,2000,'0','0','Prayer cloaks','6'),
(1528,6211,43,3000,'0','0','Antiexplosive protective suits','6'),
(1529,6211,43,4000,'0','0','Garments for fencing or wrestling','6'),
(1530,6211,43,5000,'0','0','Garments used for protection from chemical substances, radiation or fire','6'),
(1531,6211,43,6000,'0','0','Flyers'' coveralls','6'),
(1532,6211,43,9000,'0','0','Other','6'),
(1533,6211,49,1000,'0','0','Garments for fencing or wrestling','6'),
(1534,6211,49,2000,'0','0','Garments used for protection from chemical substances, radiation or fire','6'),
(1535,6211,49,3100,'0','0','Of wool or of fine animal hair','6'),
(1536,6211,49,3900,'0','0','Other','6'),
(1537,6211,49,4000,'0','0','Other, of wool or fine animal hair','6'),
(1538,6211,49,9000,'0','0','Other','6'),
(1539,6212,10,1100,'0','0','Mastectomy bra (post breast surgery bra)','6'),
(1540,6212,10,1900,'0','0','Other','6'),
(1541,6212,10,9100,'0','0','Mastectomy bra (post breast surgery bra)','6'),
(1542,6212,10,9900,'0','0','Other','6'),
(1543,6212,20,1000,'0','0','Of cotton','6'),
(1544,6212,20,9000,'0','0','Of other textile materials','6'),
(1545,6212,30,1000,'0','0','Of cotton','6'),
(1546,6212,30,9000,'0','0','Of other textile materials','6'),
(1547,6212,90,1100,'0','0','Compression garments of a kind used for the treatment of scar tissue and skin grafts','6'),
(1548,6212,90,1200,'0','0','Athletic supporters','6'),
(1549,6212,90,1900,'0','0','Other','6'),
(1550,6212,90,9100,'0','0','Compression garments of a kind used for the treatment of scar tissue and skin grafts','6'),
(1551,6212,90,9200,'0','0','Athletic supporters','6'),
(1552,6212,90,9900,'0','0','Other','6'),
(1553,6213,20,1000,'0','0','Printed by the traditional batik process','6'),
(1554,6213,20,9000,'0','0','Other','6'),
(1555,6213,90,1100,'0','0','Printed by the traditional batik process','6'),
(1556,6213,90,1900,'0','0','Other','6'),
(1557,6213,90,9100,'0','0','Printed by the traditional batik process','6'),
(1558,6213,90,9900,'0','0','Other','6'),
(1559,6214,10,1000,'0','0','Printed by the traditional batik process','6'),
(1560,6214,10,9000,'0','0','Other','6'),
(1561,6214,20,0000,'0','0','Of wool or of fine animal hair','6'),
(1562,6214,30,1000,'0','0','Printed by the traditional batik process','6'),
(1563,6214,30,9000,'0','0','Other','6'),
(1564,6214,40,1000,'0','0','Printed by the traditional batik process','6'),
(1565,6214,40,9000,'0','0','Other','6'),
(1566,6214,90,1000,'0','0','Printed by the traditional batik process','6'),
(1567,6214,90,9000,'0','0','Other','6'),
(1568,6215,10,1000,'0','0','Printed by the traditional batik process','6'),
(1569,6215,10,9000,'0','0','Other','6'),
(1570,6215,20,1000,'0','0','Printed by the traditional batik process','6'),
(1571,6215,20,9000,'0','0','Other','6'),
(1572,6215,90,1000,'0','0','Printed by the traditional batik process','6'),
(1573,6215,90,9000,'0','0','Other','6'),
(1574,6216,00,1000,'0','0','Protective work gloves, mittens and mitts','6'),
(1575,6216,00,9100,'0','0','Of wool or of fine animal hair','6'),
(1576,6216,00,9200,'0','0','Of cotton','6'),
(1577,6216,00,9900,'0','0','Other','6'),
(1578,6217,10,1000,'0','0','Judo belts','6'),
(1579,6217,10,9000,'0','0','Other','6'),
(1580,6217,90,0000,'20.00%','0','Parts','6'),
(1581,7101,10,0000,'0','0','Natural pearls','6'),
(1582,7101,21,0000,'0','0','Unworked','6'),
(1583,7101,22,0000,'0','0','Worked','6'),
(1584,7102,10,0000,'0','0','Unsorted','6'),
(1585,7102,21,0000,'0','0','Unworked or simpliy sawn, cleaved or bruted','6'),
(1586,7102,29,0000,'0','0','Other','6'),
(1587,7102,31,0000,'0','0','Unworked or simpliy sawn, cleaved or bruted','6'),
(1588,7102,39,0000,'0','0','Other','6'),
(1589,7103,10,1000,'0','0','Rubies','6'),
(1590,7103,10,2000,'0','0','Jade (nephrite and jadeite)','6'),
(1591,7103,10,9000,'0','0','Other','6'),
(1592,7103,91,1000,'0','0','Rubies','6'),
(1593,7103,91,9000,'0','0','Other','6'),
(1594,7103,99,0000,'0','0','Other','6'),
(1595,7104,10,1000,'0','0','Unworked','6'),
(1596,7104,10,2000,'0','0','Worked','6'),
(1597,7104,20,0000,'0','0','Other, unworked or simply sawn or roughly shaped','6'),
(1598,7104,90,0000,'0','0','Other','6'),
(1599,7105,10,0000,'0','0','Of diamonds','6'),
(1600,7105,90,0000,'0','0','Other','6'),
(1601,7106,10,0000,'0','5.00%','Powder','6'),
(1602,7106,91,0000,'0','5.00%','Unwrought','6'),
(1603,7106,92,0000,'0','5.00%','Semimanufactured','6'),
(1604,7107,00,0000,'0','5.00%','Base metals clad with silver, not further worked than semimanufactured','6'),
(1605,7108,11,0000,'0','0','Powder','6'),
(1606,7108,12,1000,'0','0','In lumps, ingots or cast bars','6'),
(1607,7108,12,9000,'0','0','Other','6'),
(1608,7108,13,0000,'0','0','Other semimanufactured forms','6'),
(1609,7108,20,0000,'0','0','Monetary','6'),
(1610,7109,00,0000,'0','0','Base metals or silver, clad with gold, not further worked than semimanufactured','6'),
(1611,7110,11,1000,'0','5.00%','In lumps, ingots, cast bars or in powder form','6'),
(1612,7110,11,9000,'0','5.00%','Other','6'),
(1613,7110,19,0000,'0','5.00%','Other','6'),
(1614,7110,21,1000,'0','5.00%','In lumps, ingots, cast bars or in powder form','6'),
(1615,7110,21,9000,'0','5.00%','Other','6'),
(1616,7110,29,0000,'0','5.00%','Other','6'),
(1617,7110,31,1000,'0','5.00%','In lumps, ingots, cast bars or in powder form','6'),
(1618,7110,31,9000,'0','5.00%','Other','6'),
(1619,7110,39,0000,'0','5.00%','Other','6'),
(1620,7110,41,1000,'0','5.00%','In lumps, ingots, cast bars or in powder form','6'),
(1621,7110,41,9000,'0','5.00%','Other','6'),
(1622,7110,49,0000,'0','5.00%','Other','6'),
(1623,7111,00,1000,'0','5.00%','Silver or gold, clad with platinum','6'),
(1624,7111,00,9000,'0','5.00%','Other','6'),
(1625,7112,30,0000,'0','0','Ash containing precious metal or precious metal compounds','6'),
(1626,7112,91,0000,'0','0','Of gold, including metal clad with gold but excluding sweepings containing other precious metals','6'),
(1627,7112,92,0000,'0','0','Of platinum, including metal clad with platinum but excluding sweepings containing other precious metals','6'),
(1628,7112,99,1000,'0','0','Of silver, including metal clad with silver but excluding sweepings containing other precious metals','6'),
(1629,7112,99,9000,'0','0','Other','6'),
(1630,7113,11,1000,'0','0','Parts','6'),
(1631,7113,11,9000,'0','0','Other','6'),
(1632,7113,19,1000,'0','0','Parts','6'),
(1633,7113,19,9000,'0','0','Other','6'),
(1634,7113,20,1000,'0','0','Parts','6'),
(1635,7113,20,9000,'0','0','Other','6'),
(1636,7114,11,0000,'0','0','Of silver, whether or not plated or clad with other precious metal','6'),
(1637,7114,19,0000,'0','0','Of other precious metal, whether or not plated or clad with precious metals','6'),
(1638,7114,20,0000,'0','0','Of base metal clad with precious metal','6'),
(1639,7115,10,0000,'5.00%','0','Catalysts in the form of wire cloth or grill, of platinum','6'),
(1640,7115,90,1000,'10.00%','0','Of gold or silver','6'),
(1641,7115,90,2000,'10.00%','0','Of metal clad with gold or silver','6'),
(1642,7115,90,9000,'10.00%','0','Other','6'),
(1643,7116,10,0000,'0','0','Of natural or cultured pearls','6'),
(1644,7116,20,0000,'0','0','Of precious or semiprecious stones (natural, synthetic or reconstructed)','6'),
(1645,7117,11,1000,'0','0','Parts','6'),
(1646,7117,11,9000,'0','0','Other','6'),
(1647,7117,19,1000,'0','0','Bangles','6'),
(1648,7117,19,2000,'0','0','Other imitation jewellery','6'),
(1649,7117,19,9000,'0','0','Parts','6'),
(1650,7117,90,1100,'0','0','Wholly of plastics or glass','6'),
(1651,7117,90,1200,'0','0','Wholly of wood, worked tortoise shell, ivory, bone, horn, coral, mother of pearl and other animal carving material, worked vegetable carving material or worked mineral carving material','6'),
(1652,7117,90,1300,'0','0','Wholly of porcelain or china','6'),
(1653,7117,90,1900,'0','0','Other','6'),
(1654,7117,90,2100,'0','0','Wholly of plastics or glass','6'),
(1655,7117,90,2200,'0','0','Wholly of wood, worked tortoise shell, ivory, bone, horn, coral, mother of pearl and other animal carving material, worked vegetable carving material or worked mineral carving material','6'),
(1656,7117,90,2300,'0','0','Wholly of porcelain or china','6'),
(1657,7117,90,2900,'0','0','Other','6'),
(1658,7117,90,9100,'0','0','Wholly of plastics or glass','6'),
(1659,7117,90,9200,'0','0','Wholly of wood, worked tortoise shell, ivory, bone, horn, coral, mother of pearl and other animal carving material, worked vegetable carving material or worked mineral carving material','6'),
(1660,7117,90,9300,'0','0','Wholly of porcelain or china','6'),
(1661,7117,90,9900,'0','0','Other','6'),
(1662,7118,10,1000,'5.00%','0','Silver coin','6'),
(1663,7118,10,9000,'5.00%','0','Other','6'),
(1664,7118,90,1000,'0','0','Gold coin, whether or not legal tender','6'),
(1665,7118,90,2000,'5.00%','0','Silver coin, being legal tender','6'),
(1666,7118,90,9000,'5.00%','0','Other','6'),
(1667,7201,10,0000,'0','0','Nonalloy pig iron containing by weight 0.5% or less of phosphorus','6'),
(1668,7201,20,0000,'0','0','Nonalloy pig iron containing by weight more than 0.5% of phosphorus','6'),
(1669,7201,50,0000,'0','0','Alloy pig iron, spiegeleisen','6'),
(1670,7202,11,0000,'0','0','Containing by weight more than 2% of carbon','6'),
(1671,7202,19,0000,'0','0','Other','6'),
(1672,7202,21,0000,'0','0','Containing by weight more than 55% of silicon','6'),
(1673,7202,29,0000,'0','0','Other','6'),
(1674,7202,30,0000,'0','0','Ferrosilicomanganese','6'),
(1675,7202,41,0000,'0','0','Containing by weight more than 4% of carbon','6'),
(1676,7202,49,0000,'0','0','Other','6'),
(1677,7202,50,0000,'0','0','Ferrosilicochromium','6'),
(1678,7202,60,0000,'0','0','Ferronickel','6'),
(1679,7202,70,0000,'0','0','Ferromolybdenum','6'),
(1680,7202,80,0000,'0','0','Ferrotungsten and ferrosilicotungsten','6'),
(1681,7202,91,0000,'0','0','Ferrotitanium and ferrosilicotitanium','6'),
(1682,7202,92,0000,'0','0','Ferrovanadium','6'),
(1683,7202,93,0000,'0','0','Ferroniobium','6'),
(1684,7202,99,0000,'0','0','Other','6'),
(1685,7203,10,0000,'0','0','Ferrous products obtained by direct reduction of iron ore','6'),
(1686,7203,90,0000,'0','0','Other','6'),
(1687,7204,10,0000,'0','0','Waste and scrap of cast iron','6'),
(1688,7204,21,0000,'0','10.00%','Of stainless steel','6'),
(1689,7204,29,0000,'0','0','Other','6'),
(1690,7204,30,0000,'0','0','Waste and scrap of tinned iron or steel','6'),
(1691,7204,41,0000,'0','0','Turnings, shavings, chips, milling waste, sawdust, fillings, trimmings and stampings, whether or not in bundles','6'),
(1692,7204,49,0000,'0','0','Other','6'),
(1693,7204,50,0000,'5.00%','10.00%','Remelting scrap ingots','6'),
(1694,7205,10,0000,'0','0','Granules','6'),
(1695,7205,21,0000,'0','0','Of alloy steel','6'),
(1696,7205,29,0000,'0','0','Other','6'),
(1697,7206,10,1000,'5.00%','0','Containing by weight more than 0.6 of carbon','6'),
(1698,7206,10,9000,'0','0','Other','6'),
(1699,7206,90,0000,'0','0','Other','6'),
(1700,7207,11,0000,'0','0','Of rectangular (including square) crosssection, the width measuring less than twice the thickness','6'),
(1701,7207,12,1000,'0','0','Slabs','6'),
(1702,7207,12,9000,'0','0','Other','6'),
(1703,7207,19,0000,'0','0','Other','6'),
(1704,7207,20,1000,'0','0','Slabs','6'),
(1705,7207,20,2100,'0','0','Blocks roughly shaped by forging, sheet bars','6'),
(1706,7207,20,2900,'0','0','Other','6'),
(1707,7207,20,9100,'5.00%','0','Slabs','6'),
(1708,7207,20,9200,'5.00%','0','Blocks roughly shaped by forging, sheet bars','6'),
(1709,7207,20,9900,'5.00%','0','Other','6'),
(1710,7208,10,0000,'15.00%','0','In coils, not further worked than hotrolled, with patterns in relief','6'),
(1711,7208,25,0000,'15.00%','0','Of a thickness of 4.75mm or more','6'),
(1712,7208,26,0000,'15.00%','0','Of a thickness of 3mm or more but less than 4.75mm','6'),
(1713,7208,27,1100,'15.00%','0','Containing by weight 0.6 or more of carbon','6'),
(1714,7208,27,1900,'15.00%','0','Other','6'),
(1715,7208,27,9100,'15.00%','0','Containing by weight 0.6 or more of carbon','6'),
(1716,7208,27,9900,'15.00%','0','Other','6'),
(1717,7208,36,0000,'15.00%','0','Of a thickness exceeding 10mm','6'),
(1718,7208,37,0000,'15.00%','0','Of a thickness of 4.75mm or more but not exceeding 10mm','6'),
(1719,7208,38,0000,'15.00%','0','Of a thickness of 3mm or more but less than 4.75mm','6'),
(1720,7208,39,1000,'15.00%','0','Containing by weight less than 0.6 of carbon and of a thickness of 0.17mm or less','6'),
(1721,7208,39,9000,'15.00%','0','Other','6'),
(1722,7208,40,0000,'15.00%','0','Not in coils, not further worked than hotrolled, with patterns in relief','6'),
(1723,7208,51,0000,'15.00%','0','Of a thickness exceeding 10mm','6'),
(1724,7208,52,0000,'15.00%','0','Of a thickness of 4.75mm or more but not exceeding 10mm','6'),
(1725,7208,53,0000,'15.00%','0','Of a thickness of 3mm or more but less than 4.75mm','6'),
(1726,7208,54,1000,'15.00%','0','Containing by weight less than 0.6 of carbon and of a thickness of 0.17mm or less','6'),
(1727,7208,54,9000,'15.00%','0','Other','6'),
(1728,7208,90,1000,'15.00%','0','Corrugated','6'),
(1729,7208,90,2000,'15.00%','0','Other, containing by weight less than 0.6 of carbon and of a thickness of 0.17mm or less','6'),
(1730,7208,90,9000,'15.00%','0','Other','6'),
(1731,7209,15,0000,'15.00%','0','Of a thickness of 3mm or more','6'),
(1732,7209,16,1000,'15.00%','0','Of a width not exceeding 1,250mm','6'),
(1733,7209,16,9000,'15.00%','0','Other','6'),
(1734,7209,17,1000,'15.00%','0','Of a width not exceeding 1,250mm','6'),
(1735,7209,17,9000,'15.00%','0','Other','6'),
(1736,7209,18,1000,'15.00%','0','Tinmill blackplate','6'),
(1737,7209,18,9100,'15.00%','0','Containing by weight less than 0.6 of carbon and of a thickness of 0.17mm or less','6'),
(1738,7209,18,9900,'15.00%','0','Other','6'),
(1739,7209,25,0000,'15.00%','0','Of a thickness of 3mm or more','6'),
(1740,7209,26,1000,'15.00%','0','Of a width not exceeding 1,250mm','6'),
(1741,7209,26,9000,'15.00%','0','Other','6'),
(1742,7209,27,1000,'15.00%','0','Of a width not exceeding 1,250mm','6'),
(1743,7209,27,9000,'15.00%','0','Other','6'),
(1744,7209,28,1000,'15.00%','0','Containing by weight less than 0.6 of carbon and of a thickness of 0.17mm or less','6'),
(1745,7209,28,9020,'15.00%','0','Containing by weight less than 0.6 of carbon','6'),
(1746,7209,28,9090,'15.00%','0','Other','6'),
(1747,7209,90,1000,'15.00%','0','Corrugated','6'),
(1748,7209,90,9000,'15.00%','0','Other','6'),
(1749,7210,11,1000,'15.00%','0','Containing by weight 0.6 or more of carbon','6'),
(1750,7210,11,9000,'5.00%','0','Other','6'),
(1751,7210,12,1000,'15.00%','0','Containing by weight 0.6 or more of carbon','6'),
(1752,7210,12,9000,'5.00%','0','Other','6'),
(1753,7210,20,1000,'15.00%','0','Containing by weight less than 0.6 of carbon and of a thickness of 1.5mm or less','6'),
(1754,7210,20,9000,'15.00%','0','Other','6'),
(1755,7210,30,1100,'15.00%','0','Of a thickness not exceeding 1.2mm','6'),
(1756,7210,30,1200,'15.00%','0','Of a thickness exceeding 1.2mm but not exceeding 1.5mm','6'),
(1757,7210,30,1900,'15.00%','0','Other','6'),
(1758,7210,30,9100,'15.00%','0','Of a thickness exceeding 1.2mm','6'),
(1759,7210,30,9900,'15.00%','0','Other','6'),
(1760,7210,41,1100,'15.00%','0','Of a thickness not exceeding 1.2mm','6'),
(1761,7210,41,1200,'15.00%','0','Of a thickness exceeding 1.2mm but not exceeding 1.5mm','6'),
(1762,7210,41,1900,'15.00%','0','Other','6'),
(1763,7210,41,9100,'15.00%','0','Of a thickness not exceeding 1.2mm','6'),
(1764,7210,41,9900,'15.00%','0','Other','6'),
(1765,7210,49,1100,'15.00%','0','Coated with zinc by the ironzinc alloyed coating method containing by weight less than 0.04% of carbon and of a thickness not exceeding 1.2mm','6'),
(1766,7210,49,1200,'15.00%','0','Other, of a thickness not exceeding 1.2mm','6'),
(1767,7210,49,1300,'15.00%','0','Of a thickness exceeding 1.2mm but not exceeding 1.5mm','6'),
(1768,7210,49,1900,'15.00%','0','Other','6'),
(1769,7210,49,9100,'15.00%','0','Of a thickness not exceeding 1.2mm','6'),
(1770,7210,49,9900,'15.00%','0','Other','6'),
(1771,7210,50,0000,'15.00%','0','Plated or coated with chromium oxides or with chromium and chromium oxides','6'),
(1772,7210,61,1100,'15.00%','0','Of a thickness not exceeding 1.2mm','6'),
(1773,7210,61,1200,'15.00%','0','Of a thickness exceeding 1.2mm but not exceeding 1.5mm','6'),
(1774,7210,61,1900,'15.00%','0','Other','6'),
(1775,7210,61,9100,'15.00%','0','Of a thickness not exceeding 1.2mm','6'),
(1776,7210,61,9200,'15.00%','0','Other, corrugated','6'),
(1777,7210,61,9900,'15.00%','0','Other','6'),
(1778,7210,69,1100,'15.00%','0','Of a thickness not exceeding 1.2mm','6'),
(1779,7210,69,1200,'15.00%','0','Of a thickness exceeding 1.2mm but not exceeding 1.5mm','6'),
(1780,7210,69,1900,'15.00%','0','Other','6'),
(1781,7210,69,9100,'15.00%','0','Of a thickness not exceeding 1.2mm','6'),
(1782,7210,69,9900,'15.00%','0','Other','6'),
(1783,7210,70,1100,'15.00%','0','Painted','6'),
(1784,7210,70,1900,'15.00%','0','Other','6'),
(1785,7210,70,9110,'15.00%','0','Containing by weight less than 0.6 of carbon','6'),
(1786,7210,70,9190,'15.00%','0','Other','6'),
(1787,7210,70,9910,'15.00%','0','Containing by weight less than 0.6 of carbon','6'),
(1788,7210,70,9990,'15.00%','0','Other','6'),
(1789,7210,90,1000,'15.00%','0','Containing by weight less than 0.6 of carbon and of a thickness of 1.5mm or less','6'),
(1790,7210,90,9000,'15.00%','0','Other','6'),
(1791,7211,13,1100,'15.00%','0','Hoop and strip, universal plates','6'),
(1792,7211,13,1200,'15.00%','0','Corrugated','6'),
(1793,7211,13,9000,'15.00%','0','Other','6'),
(1794,7211,13,9110,'15.00%','0','Hoop and strip, of a width exceeding 400mm','6'),
(1795,7211,13,9190,'15.00%','0','Other','6'),
(1796,7211,13,9900,'15.00%','0','Other','6'),
(1797,7211,14,1300,'15.00%','0','Hoop and strip, universal plates','6'),
(1798,7211,14,1400,'15.00%','0','Corrugated','6'),
(1799,7211,14,1500,'15.00%','0','Coils for rerolling','6'),
(1800,7211,14,1900,'15.00%','0','Other','6'),
(1801,7211,14,9100,'15.00%','0','Hoop and strip, universal plates','6'),
(1802,7211,14,9200,'15.00%','0','Corrugated','6'),
(1803,7211,14,9300,'15.00%','0','Coils for rerolling','6'),
(1804,7211,14,9900,'15.00%','0','Other','6'),
(1805,7211,19,1300,'15.00%','0','Hoop and strip, universal plates','6'),
(1806,7211,19,1400,'15.00%','0','Corrugated','6'),
(1807,7211,19,1500,'15.00%','0','Coils for rerolling','6'),
(1808,7211,19,1910,'15.00%','0','Of a thickness of 0.17mm or less','6'),
(1809,7211,19,1990,'15.00%','0','Other','6'),
(1810,7211,19,9100,'15.00%','0','Hoop and strip, universal plates','6'),
(1811,7211,19,9200,'15.00%','0','Corrugated','6'),
(1812,7211,19,9300,'15.00%','0','Coils for rerolling','6'),
(1813,7211,19,9900,'15.00%','0','Other','6'),
(1814,7211,23,1000,'15.00%','0','Corrugated','6'),
(1815,7211,23,2010,'15.00%','0','Of a width not exceeding 25mm','6'),
(1816,7211,23,2090,'15.00%','0','Other','6'),
(1817,7211,23,3000,'15.00%','0','Other, of a thickness of 0.17mm or less','6'),
(1818,7211,23,9010,'15.00%','0','Hoop and strip, of a width exceeding 400mm','6'),
(1819,7211,23,9090,'15.00%','0','Other','6'),
(1820,7211,29,1000,'15.00%','0','Corrugated','6'),
(1821,7211,29,2000,'15.00%','0','Hoop and strip, of a width not exceeding 400mm','6'),
(1822,7211,29,3000,'15.00%','0','Other, of a thickness of 0.17mm or less','6'),
(1823,7211,29,9000,'15.00%','0','Other','6'),
(1824,7211,90,1100,'15.00%','0','Hoop and strip, of a width not exceeding 25mm','6'),
(1825,7211,90,1200,'15.00%','0','Hoop and strip, of a width exceeding 400mm','6'),
(1826,7211,90,1300,'15.00%','0','Corrugated','6'),
(1827,7211,90,1400,'15.00%','0','Other, of a thickness of 0.17mm or less','6'),
(1828,7211,90,1900,'15.00%','0','Other','6'),
(1829,7211,90,9100,'15.00%','0','Of a thickness of 0.17mm or less','6'),
(1830,7211,90,9900,'15.00%','0','Other','6'),
(1831,7212,10,1100,'15.00%','0','Hoop and strip, of a width not exceeding 25mm','6'),
(1832,7212,10,1300,'15.00%','0','Hoop and strip, of a width exceeding 25mm but not exceeding 400mm','6'),
(1833,7212,10,1910,'15.00%','0','Hoop and strip, of a width exceeding 400mm','6'),
(1834,7212,10,1990,'5.00%','0','Other','6'),
(1835,7212,10,9200,'15.00%','0','Hoop and strip, of a width not exceeding 25mm','6'),
(1836,7212,10,9300,'15.00%','0','Hoop and strip, of a width exceeding 25mm but not exceeding 400mm','6'),
(1837,7212,10,9900,'15.00%','0','Other','6'),
(1838,7212,20,1010,'15.00%','0','Containing by weight less than 0.6 of carbon','6'),
(1839,7212,20,1090,'15.00%','0','Other','6'),
(1840,7212,20,2000,'15.00%','0','Other, containing by weight less than 0.6 of carbon and of a thickness of 1.5mm or less','6'),
(1841,7212,20,9000,'15.00%','0','Other','6'),
(1842,7212,30,1100,'15.00%','0','Hoop and strip, of a width not exceeding 25mm','6'),
(1843,7212,30,1200,'15.00%','0','Hoop and strip, of a width exceeding 25mm and not exceeding 400mm','6'),
(1844,7212,30,1300,'15.00%','0','Other, of a thickness of 1.5mm or less','6'),
(1845,7212,30,1400,'15.00%','0','Other, coated with zinc by the ironzinc alloy coating method, containing by weight less than 0.04% of carbon','6'),
(1846,7212,30,1900,'15.00%','0','Other','6'),
(1847,7212,30,9000,'15.00%','0','Other','6'),
(1848,7212,40,1110,'15.00%','0','Of a width not exceeding 25mm','6'),
(1849,7212,40,1190,'15.00%','0','Other','6'),
(1850,7212,40,1200,'15.00%','0','Other hoop and strip','6'),
(1851,7212,40,1900,'15.00%','0','Other','6'),
(1852,7212,40,9110,'15.00%','0','Of a width not exceeding 25mm','6'),
(1853,7212,40,9190,'15.00%','0','Other','6'),
(1854,7212,40,9210,'15.00%','0','Hoop and strip','6'),
(1855,7212,40,9220,'15.00%','0','Universal plates','6'),
(1856,7212,40,9900,'15.00%','0','Other','6'),
(1857,7212,50,1300,'15.00%','0','Hoop and strip, of a width not exceeding 25mm','6'),
(1858,7212,50,1410,'15.00%','0','Hoop and strip, of a width exceeding 400mm, containing by weight more than 0.6 of carbon','6'),
(1859,7212,50,1490,'15.00%','0','Other','6'),
(1860,7212,50,1910,'15.00%','0','Containing by weight less than 0.6 of carbon','6'),
(1861,7212,50,1990,'15.00%','0','Other','6'),
(1862,7212,50,2300,'15.00%','0','Hoop and strip, of a width not exceeding 25mm','6'),
(1863,7212,50,2410,'15.00%','0','Hoop and strip, of a width exceeding 400mm, containing by weight more than 0.6 of carbon','6'),
(1864,7212,50,2490,'15.00%','0','Other','6'),
(1865,7212,50,2910,'15.00%','0','Containing by weight less than 0.6 of carbon','6'),
(1866,7212,50,2990,'15.00%','0','Other','6'),
(1867,7212,50,9300,'15.00%','0','Hoop and strip, of a width not exceeding 25mm','6'),
(1868,7212,50,9410,'15.00%','0','Hoop and strip, of a width exceeding 400mm, containing by weight more than 0.6 of carbon','6'),
(1869,7212,50,9490,'15.00%','0','Other','6'),
(1870,7212,50,9910,'15.00%','0','Containing by weight less than 0.6 of carbon','6'),
(1871,7212,50,9990,'15.00%','0','Other','6'),
(1872,7212,60,1100,'15.00%','0','Hoop and strip','6'),
(1873,7212,60,1200,'15.00%','0','Other, of a thickness of 1.5mm or less','6'),
(1874,7212,60,1900,'15.00%','0','Other','6'),
(1875,7212,60,9110,'15.00%','0','Hoop and strip, of a width exceeding 400mm','6'),
(1876,7212,60,9190,'15.00%','0','Other','6'),
(1877,7212,60,9900,'15.00%','0','Other','6'),
(1878,7213,10,1000,'5.00%','0','Of circular crosssection measuring not exceeding 50mm in diameter','6'),
(1879,7213,10,9000,'5.00%','0','Other','6'),
(1880,7213,20,0000,'5.00%','0','Other, of freecutting steel','6'),
(1881,7213,91,1000,'5.00%','0','Of a kind used for producing soldering sticks','6'),
(1882,7213,91,2000,'5.00%','0','Of a kind used for concrete reinforcement (rebars)','6'),
(1883,7213,91,9000,'5.00%','0','Other','6'),
(1884,7213,99,1000,'5.00%','0','Of a kind used for producing soldering sticks','6'),
(1885,7213,99,2000,'5.00%','0','Of a kind used for concrete reinforcement (rebars)','6'),
(1886,7213,99,9000,'5.00%','0','Other','6'),
(1887,7214,10,1100,'5.00%','0','Of circular crosssection','6'),
(1888,7214,10,1900,'5.00%','0','Other','6'),
(1889,7214,10,2100,'5.00%','0','Of circular crosssection','6'),
(1890,7214,10,2900,'0','0','Other','6'),
(1891,7214,20,3100,'5.00%','0','Of a kind used for concrete reinforcement (rebars)','6'),
(1892,7214,20,3900,'5.00%','0','Other','6'),
(1893,7214,20,4100,'5.00%','0','Of a kind used for concrete reinforcement (rebars)','6'),
(1894,7214,20,4900,'5.00%','0','Other','6'),
(1895,7214,20,5100,'5.00%','0','Of a kind used for concrete reinforcement (rebars)','6'),
(1896,7214,20,5900,'5.00%','0','Other','6'),
(1897,7214,20,6100,'0','0','Of a kind used for concrete reinforcement (rebars)','6'),
(1898,7214,20,6900,'0','0','Other','6'),
(1899,7214,30,1000,'5.00%','0','Of circular crosssection','6'),
(1900,7214,30,9000,'5.00%','0','Other','6'),
(1901,7214,91,1100,'5.00%','0','Containing by weight 0.38% or more of carbon and less than 1.15% of manganese','6'),
(1902,7214,91,1200,'5.00%','0','Containing by weight 0.17% or more but not more than 0.46 of carbon and 1.2% or more but less than 1.65% of manganese','6'),
(1903,7214,91,1900,'5.00%','0','Other','6'),
(1904,7214,91,2100,'0','0','Containing by weight less than 1.15% of manganese','6'),
(1905,7214,91,2900,'0','0','Other','6'),
(1906,7214,99,1100,'0','0','Containing by weight less than 1.15% of manganese','6'),
(1907,7214,99,1900,'0','0','Other','6'),
(1908,7214,99,9100,'5.00%','0','Containing by weight less than 0.38% of carbon, not more than 0.05% of phosphorus and not more than 0.05% of sulfur','6'),
(1909,7214,99,9200,'5.00%','0','Containing by weight 0.38% or more of carbon and less than 1.15% of manganese','6'),
(1910,7214,99,9300,'5.00%','0','Containing by weight 0.17% or more but less than 0.46 of carbon and 1.2% or more but less than 1.65% of manganese','6'),
(1911,7214,99,9900,'5.00%','0','Other','6'),
(1912,7215,10,1000,'5.00%','0','Of circular crosssection','6'),
(1913,7215,10,9000,'5.00%','0','Other','6'),
(1914,7215,50,1000,'0','0','Containing by weight 0.6 or more of carbon, other than of circular crosssection','6'),
(1915,7215,50,9100,'5.00%','0','Of a kind used for concrete reinforcement (rebars)','6'),
(1916,7215,50,9900,'5.00%','0','Other','6'),
(1917,7215,90,1010,'5.00%','0','Of circular crosssection','6'),
(1918,7215,90,1090,'5.00%','0','Other','6'),
(1919,7215,90,9010,'5.00%','0','Of circular crosssection','6'),
(1920,7215,90,9090,'5.00%','0','Other','6'),
(1921,7216,10,0000,'5.00%','0','U, I or H sections, not further worked than hotrolled, hotdrawn or extruded, of a height of less than 80mm','6'),
(1922,7216,21,1000,'5.00%','0','Containing by weight less than 0.6 of carbon','6'),
(1923,7216,21,9000,'5.00%','0','Other','6'),
(1924,7216,22,0000,'5.00%','0','T sections','6'),
(1925,7216,31,1000,'5.00%','0','Containing by weight 0.6 or more of carbon','6'),
(1926,7216,31,9000,'5.00%','0','Other','6'),
(1927,7216,32,1000,'5.00%','0','Of a thickness of 5mm or less','6'),
(1928,7216,32,9000,'5.00%','0','Other','6'),
(1929,7216,33,1100,'5.00%','0','Thickness of the flange not less than thickness of the web','6'),
(1930,7216,33,1900,'5.00%','0','Other','6'),
(1931,7216,33,9000,'5.00%','0','Other','6'),
(1932,7216,40,1000,'5.00%','0','Containing by weight 0.6 or more of carbon','6'),
(1933,7216,40,9000,'5.00%','0','Other','6'),
(1934,7216,50,1100,'5.00%','0','Containing by weight 0.6 or more of carbon','6'),
(1935,7216,50,1910,'5.00%','0','Angles','6'),
(1936,7216,50,1990,'5.00%','0','Other','6'),
(1937,7216,50,9100,'5.00%','0','Containing by weight 0.6 or more of carbon','6'),
(1938,7216,50,9900,'5.00%','0','Other','6'),
(1939,7216,61,0014,'5.00%','0','Containing by weight less than 0.6 of carbon, of a height less than 80mm','6'),
(1940,7216,61,0019,'5.00%','0','Other','6'),
(1941,7216,61,0020,'5.00%','0','Shapes and sections','6'),
(1942,7216,69,0014,'5.00%','0','Containing by weight less than 0.6 of carbon, of a height less than 80mm','6'),
(1943,7216,69,0019,'5.00%','0','Other','6'),
(1944,7216,69,0020,'5.00%','0','Shapes and sections','6'),
(1945,7216,91,1000,'5.00%','0','Angles, other than slotted angles, containing by weight 0.6 or more carbon','6'),
(1946,7216,91,9010,'5.00%','0','Angles, other than slotted angles, of a height less than 80mm','6'),
(1947,7216,91,9090,'5.00%','0','Other','6'),
(1948,7216,99,0010,'5.00%','0','Angles, other than slotted angles, containing by weight less than 0.6 of carbon, of a height less than 80mm','6'),
(1949,7216,99,0090,'5.00%','0','Other','6'),
(1950,7217,10,1000,'5.00%','0','Containing by weight less than 0.25% of carbon','6'),
(1951,7217,10,2200,'5.00%','0','Bead wire, reed wire, prestressed concrete steel wire, freecutting steal wire','6'),
(1952,7217,10,2900,'5.00%','0','Other','6'),
(1953,7217,10,3200,'5.00%','0','Spokes wire, bead wire, reed wire, freecutting steel wire','6'),
(1954,7217,10,3300,'5.00%','0','Wire of a kind used for making strands for prestressing concrete','6'),
(1955,7217,10,3900,'5.00%','0','Other','6'),
(1956,7217,20,1000,'5.00%','0','Containing by weight less than 0.25% of carbon','6'),
(1957,7217,20,2000,'5.00%','0','Containing by weight 0.25% or more but less than 0.45% of carbon','6'),
(1958,7217,20,9100,'5.00%','0','Steel core wire of a kind used for steel reinforced aluminium conductors (ACSR)','6'),
(1959,7217,20,9900,'5.00%','0','Other','6'),
(1960,7217,30,1100,'5.00%','0','Plated or coated with tin','6'),
(1961,7217,30,1900,'5.00%','0','Other','6'),
(1962,7217,30,2100,'5.00%','0','Plated or coated with tin','6'),
(1963,7217,30,2900,'5.00%','0','Other','6'),
(1964,7217,30,3300,'5.00%','0','Brass coated steel wire of a kind used in the manufacture of pneumatic rubber tyres','6'),
(1965,7217,30,3400,'5.00%','0','Other copper alloy coated steel wire of a kind used in the manufacture of pneumatic rubber tyres','6'),
(1966,7217,30,3500,'5.00%','0','Other, plated or coated with tin','6'),
(1967,7217,30,3900,'5.00%','0','Other','6'),
(1968,7217,90,1000,'5.00%','0','Containing by weight less than 0.25% of carbon','6'),
(1969,7217,90,9000,'5.00%','0','Other','6'),
(1970,7218,10,0000,'0','0','Ingots and other primary forms','6'),
(1971,7218,91,0000,'5.00%','0','Of rectangular (other than square) crosssection','6'),
(1972,7218,99,0000,'5.00%','0','Other','6'),
(1973,7219,11,0000,'0','0','Of a thickness exceeding 10mm','6'),
(1974,7219,12,0000,'0','0','Of a thickness of 4.75mm or more but not exceeding 10mm','6'),
(1975,7219,13,0000,'0','0','Of a thickness of 3mm or more but less than 4.75mm','6'),
(1976,7219,14,0000,'0','0','Of a thickness of less than 3mm','6'),
(1977,7219,21,0000,'0','0','Of a thickness exceeding 10mm','6'),
(1978,7219,22,0000,'0','0','Of a thickness of 4.75mm or more but not exceeding 10mm','6'),
(1979,7219,23,0000,'0','0','Of a thickness of 3mm or more but less than 4.75mm','6'),
(1980,7219,24,0000,'0','0','Of a thickness of less than 3mm','6'),
(1981,7219,31,0000,'0','0','Of a thickness of 4.75mm or more','6'),
(1982,7219,32,0000,'0','0','Of a thickness of 3mm or more but less than 4.75mm','6'),
(1983,7219,33,0000,'0','0','Of a thickness exceeding 1mm but less than 3mm','6'),
(1984,7219,34,0000,'0','0','Of a thickness of 0.5mm or more but not exceeding 1mm','6'),
(1985,7219,35,0000,'0','0','Of a thickness of less than 0.5mm','6'),
(1986,7219,90,0000,'0','0','Other','6'),
(1987,7220,11,1000,'10.00%','0','Hoop and strip, of a width not exceeding 400mm','6'),
(1988,7220,11,9000,'0','0','Other','6'),
(1989,7220,12,1000,'10.00%','0','Hoop and strip, of a width not exceeding 400mm','6'),
(1990,7220,12,9000,'0','0','Other','6'),
(1991,7220,20,1000,'10.00%','0','Hoop and strip, of a width not exceeding 400mm','6'),
(1992,7220,20,9000,'0','0','Other','6'),
(1993,7220,90,1000,'10.00%','0','Hoop and strip, of a width not exceeding 400mm','6'),
(1994,7220,90,9000,'0','0','Other','6'),
(1995,7221,00,0000,'5.00%','0','Bars and rods, hotrolled, in irregularly wound coils, of stainless steel','6'),
(1996,7222,11,0000,'5.00%','0','Of circular crosssection','6'),
(1997,7222,19,0000,'0','0','Other','6'),
(1998,7222,20,1000,'5.00%','0','Of circular crosssection','6'),
(1999,7222,20,9000,'0','0','Other','6'),
(2000,7222,30,1000,'5.00%','0','Of circular crosssection','6');


INSERT INTO intuglo.hs_code(hs_code_id,hs_code_header,hs_code_sub,hs_code_item,tax_import,tax_export,description,gst_percentage) VALUES 
(2001,7222,30,9000,'0','0','Other','6'),
(2002,7222,40,1000,'5.00%','0','Not further worked than hotrolled, hotdrawn or extruded','6'),
(2003,7222,40,9000,'5.00%','0','Other','6'),
(2004,7223,00,1000,'5.00%','0','Of crosssection exceeding 13mm','6'),
(2005,7223,00,9000,'5.00%','0','Other','6'),
(2006,7224,10,0000,'5.00%','0','Ingots and other primary forms','6'),
(2007,7224,90,0000,'5.00%','0','Other','6'),
(2008,7225,11,0000,'0','0','Grainoriented','6'),
(2009,7225,19,0000,'0','0','Other','6'),
(2010,7225,30,1000,'0','0','Of high speed steel','6'),
(2011,7225,30,9000,'0','0','Other','6'),
(2012,7225,40,1000,'0','0','Of high speed steel','6'),
(2013,7225,40,9000,'0','0','Other','6'),
(2014,7225,50,1000,'0','0','Of high speed steel','6'),
(2015,7225,50,9000,'0','0','Other','6'),
(2016,7225,91,1000,'0','0','Of high speed steel','6'),
(2017,7225,91,9000,'0','0','Other','6'),
(2018,7225,92,1000,'0','0','Of high speed steel','6'),
(2019,7225,92,9000,'0','0','Other','6'),
(2020,7225,99,1000,'0','0','Of high speed steel','6'),
(2021,7225,99,9000,'0','0','Other','6'),
(2022,7226,11,1000,'10.00%','0','Hoop and strip, of a width not exceeding 400mm','6'),
(2023,7226,11,9000,'0','0','Other','6'),
(2024,7226,19,1000,'10.00%','0','Hoop and strip, of a width not exceeding 400mm','6'),
(2025,7226,19,9000,'0','0','Other','6'),
(2026,7226,20,1000,'10.00%','0','Hoop and strip, of a width not exceeding 400mm','6'),
(2027,7226,20,9000,'0','0','Other','6'),
(2028,7226,91,1000,'10.00%','0','Hoop and strip, of a width not exceeding 400mm','6'),
(2029,7226,91,9000,'0','0','Other','6'),
(2030,7226,92,1000,'10.00%','0','Hoop and strip, of a width not exceeding 400mm','6'),
(2031,7226,92,9000,'0','0','Other','6'),
(2032,7226,99,1100,'10.00%','0','Plated or coated with zinc','6'),
(2033,7226,99,1900,'10.00%','0','Other','6'),
(2034,7226,99,9100,'0','0','Plated or coated with zinc','6'),
(2035,7226,99,9900,'0','0','Other','6'),
(2036,7227,10,0000,'5.00%','0','Of high speed steel','6'),
(2037,7227,20,0000,'5.00%','0','Of silicomanganese steel','6'),
(2038,7227,90,0000,'5.00%','0','Other','6'),
(2039,7228,10,1000,'0','0','Of circular crosssection','6'),
(2040,7228,10,9000,'0','0','Other','6'),
(2041,7228,20,1100,'5.00%','0','Not further worked than hotrolled, hotdrawn or extruded','6'),
(2042,7228,20,1900,'5.00%','0','Other','6'),
(2043,7228,20,9100,'0','0','Not further worked than hotrolled, hotdrawn or extruded','6'),
(2044,7228,20,9900,'0','0','Other','6'),
(2045,7228,30,1000,'5.00%','0','Of circular crosssection','6'),
(2046,7228,30,9000,'0','0','Other','6'),
(2047,7228,40,1000,'5.00%','0','Of circular crosssection','6'),
(2048,7228,40,9000,'0','0','Other','6'),
(2049,7228,50,1000,'5.00%','0','Of circular crosssection','6'),
(2050,7228,50,9000,'0','0','Other','6'),
(2051,7228,60,1000,'5.00%','0','Of circular crosssection','6'),
(2052,7228,60,9000,'0','0','Other','6'),
(2053,7228,70,1000,'5.00%','0','Not further worked than hotrolled, hotdrawn or extruded','6'),
(2054,7228,70,9000,'5.00%','0','Other','6'),
(2055,7228,80,1100,'5.00%','0','Of circular crosssection','6'),
(2056,7228,80,1900,'0','0','Other','6'),
(2057,7228,80,9000,'5.00%','0','Other','6'),
(2058,7229,20,0000,'5.00%','0','Of silicomanganese steel','6'),
(2059,7229,90,2000,'5.00%','0','Of crosssection not exceeding 5.5mm','6'),
(2060,7229,90,3000,'5.00%','0','Other, of high speed steel','6'),
(2061,8501,10,2100,'0','0','Of a kind used for the goods of heading 84.15, 84.18, 84.50, 85.09 or 85.16','6'),
(2062,8501,10,2200,'0','0','Other, of an output not exceeding 5W','6'),
(2063,8501,10,2900,'0','0','Other','6'),
(2064,8501,10,3000,'0','0','Spindle motors','6'),
(2065,8501,10,4100,'0','0','Of a kind used for the goods of heading 84.15, 84.18, 84.50, 85.09 or 85.16','6'),
(2066,8501,10,4900,'0','0','Other','6'),
(2067,8501,10,5100,'0','0','Of a kind used for the goods of heading 84.15, 84.18, 84.50, 85.09 or 85.16','6'),
(2068,8501,10,5900,'0','0','Other','6'),
(2069,8501,10,6000,'0','0','Spindle motors','6'),
(2070,8501,10,9100,'0','0','Of a kind used for the goods of heading 84.15, 84.18, 84.50, 85.09 or 85.16','6'),
(2071,8501,10,9900,'0','0','Other','6'),
(2072,8501,20,1200,'0','0','Of a kind used for the goods of heading 84.15, 84.18, 84.50, 85.09 or 85.16','6'),
(2073,8501,20,1900,'0','0','Other','6'),
(2074,8501,20,2100,'0','0','Of a kind used for the goods of heading 84.15, 84.18, 84.50, 85.09 or 85.16','6'),
(2075,8501,20,2900,'0','0','Other','6'),
(2076,8501,31,3000,'0','0','Motors of a kind used for the goods of heading 84.15, 84.18, 84.50, 85.09 or 85.16','6'),
(2077,8501,31,4000,'0','0','Other motors','6'),
(2078,8501,31,5000,'0','0','Generators','6'),
(2079,8501,32,2100,'0','0','Motors of a kind used for the goods of heading 84.15, 84.18, 84.50, 85.09 or 85.16','6'),
(2080,8501,32,2200,'0','0','Other motors','6'),
(2081,8501,32,2300,'0','0','Generators','6'),
(2082,8501,32,3100,'0','0','Motors of a kind used for the goods of heading 84.15 84.18, 84.50, 85.09 or 85.16','6'),
(2083,8501,32,3200,'0','0','Other motors','6'),
(2084,8501,32,3300,'0','0','Generators','6'),
(2085,8501,33,0000,'0','0','Of an output exceeding 75kW but not exceeding 375kW','6'),
(2086,8501,34,0000,'0','0','Of an output exceeding 375kW','6'),
(2087,8501,40,1100,'0','0','Of a kind used for the goods of heading 84.15, 84.18, 84.50, 85.09 or 85.16','6'),
(2088,8501,40,1900,'0','0','Other','6'),
(2089,8501,40,2100,'0','0','Of a kind used for the goods of heading 84.15, 84.18, 84.50, 85.09 or 85.16','6'),
(2090,8501,40,2900,'0','0','Other','6'),
(2091,8501,51,1100,'0','0','Of a kind used for the goods of heading 84.15, 84.18, 84.50, 85.09 or 85.16','6'),
(2092,8501,51,1900,'0','0','Other','6'),
(2093,8501,52,1100,'15.00%','0','Of a kind used for the goods of heading 84.15, 84.18, 84.50, 85.09 or 85.16','6'),
(2094,8501,52,1900,'15.00%','0','Other','6'),
(2095,8501,52,2100,'15.00%','0','Of a kind used for the goods of heading 84.15, 84.18, 84.50, 85.09 or 85.16','6'),
(2096,8501,52,2900,'15.00%','0','Other','6'),
(2097,8501,52,3100,'15.00%','0','Of a kind used for the goods of heading 84.15, 84.18, 84.50, 85.09 or 85.16','6'),
(2098,8501,52,3900,'15.00%','0','Other','6'),
(2099,8501,53,0000,'0','0','Of an output exceeding 75kW','6'),
(2100,8501,61,1000,'0','0','Of an output not exceeding 12.5kVA','6'),
(2101,8501,61,2000,'0','0','Of an output exceeding 12.5kVA','6'),
(2102,8501,62,1000,'0','0','Of an output exceeding 75kVA but not exceeding 150kVA','6'),
(2103,8501,62,2000,'0','0','Of an output exceeding 150kVA but not exceeding 375 kVA','6'),
(2104,8501,63,0000,'0','0','Of an output exceeding 375kVA but not exceeding 750kVA','6'),
(2105,8501,64,0000,'0','0','Of an output exceeding 750kVA','6'),
(2106,8502,11,0000,'0','0','Of an output not exceeding 75kVA','6'),
(2107,8502,12,1000,'0','0','Of an output exceeding 75kVA but not exceeding 125kVA','6'),
(2108,8502,12,2000,'0','0','Of an output exceeding 125kVA but not exceeding 375kVA','6'),
(2109,8502,13,2000,'0','0','Of an output of 12,500 kVA or more','6'),
(2110,8502,13,9000,'0','0','Other','6'),
(2111,8502,20,1000,'0','0','Of an output not exceeding 75kVA','6'),
(2112,8502,20,2000,'0','0','Of an output exceeding 75kVA but not exceeding 100kVA','6'),
(2113,8502,20,3000,'0','0','Of an output exceeding 100kVA but not exceeding 10,000kVA','6'),
(2114,8502,20,4200,'0','0','Of an output of 12,500kVA or more','6'),
(2115,8502,20,4900,'0','0','Other','6'),
(2116,8502,31,1000,'0','0','Of an output not exceeding 10,000kVA','6'),
(2117,8502,31,2000,'0','0','Of an output exceeding 10,000kVA','6'),
(2118,8502,39,1000,'0','0','Of an output not exceeding 10kVA','6'),
(2119,8502,39,2000,'0','0','Of an output exceeding 10kVA but not exceeding 10,000 kVA','6'),
(2120,8502,39,3200,'0','0','Of an output of 12,500kVA or more','6'),
(2121,8502,39,3900,'0','0','Other','6'),
(2122,8502,40,0000,'0','0','Electric rotary converters','6'),
(2123,8503,00,2000,'0','0','Parts of generators (including generation sets) of heading 85.01 or 85.02, of an output of 12,500kVA or more','6'),
(2124,8503,00,9000,'0','0','Other','6'),
(2125,8504,10,0000,'5.00%','0','Ballasts for discharge lamps or tubes','6'),
(2126,8504,21,1100,'5.00%','0','Instrument transformers with a power handling capacity not exceeding 1kVA and of a high side voltage of 110kV or more','6'),
(2127,8504,21,1900,'5.00%','0','Other','6'),
(2128,8504,21,9200,'5.00%','0','Having a power handling capacity exceeding 19kVA and of a high side voltage of 110kV or more','6'),
(2129,8504,21,9300,'5.00%','0','Having a power handling capacity exceeding 10kVA and of a high side voltage of 66kV or more, but less than 110kV','6'),
(2130,8504,21,9900,'5.00%','0','Other','6'),
(2131,8504,22,1100,'5.00%','0','Of a high side voltage of 66kV or more','6'),
(2132,8504,22,1900,'5.00%','0','Other','6'),
(2133,8504,22,9200,'5.00%','0','Of a high side voltage of 110kV or more','6'),
(2134,8504,22,9300,'5.00%','0','Of a high side voltage of 66kV or more, but less than 110kV','6'),
(2135,8504,22,9900,'5.00%','0','Other','6'),
(2136,8504,23,1000,'5.00%','0','Having a power handling capacity not exceeding 15,000kVA','6'),
(2137,8504,23,2100,'5.00%','0','Not exceeding 20,000kVA','6'),
(2138,8504,23,2200,'5.00%','0','Exceeding 20,000kVA but not exceeding 30,000kVA','6'),
(2139,8504,23,2900,'5.00%','0','Other','6'),
(2140,8504,31,1100,'0','0','With a voltage rating of 110kV or more','6'),
(2141,8504,31,1200,'0','0','With a voltage rating of 66kV or more, but less than 110kV','6'),
(2142,8504,31,1300,'0','0','With a voltage rating of 1kV or more, but less than 66kV','6'),
(2143,8504,31,1900,'0','0','Other','6'),
(2144,8504,31,2100,'0','0','Ring type current transformers with a voltage rating not exceeding 220kV','6'),
(2145,8504,31,2200,'0','0','Other','6'),
(2146,8504,31,2300,'0','0','With a voltage rating of 66kV or more, but less than 110kV','6'),
(2147,8504,31,2400,'0','0','With a voltage rating of 1kV or more, but less than 66kV','6'),
(2148,8504,31,2900,'0','0','Other','6'),
(2149,8504,31,3000,'0','0','Flyback transformers','6'),
(2150,8504,31,4000,'0','0','Intermediate frequency transformers','6'),
(2151,8504,31,9100,'5.00%','0','Of a kind used with toys, scale models or similar recreational models','6'),
(2152,8504,31,9200,'5.00%','0','Other matching transformers','6'),
(2153,8504,31,9300,'0','0','Step up/down transformers, slide regulators','6'),
(2154,8504,31,9900,'0','0','Other','6'),
(2155,8504,32,1100,'5.00%','0','Matching transformers','6'),
(2156,8504,32,1900,'5.00%','0','Other','6'),
(2157,8504,32,2000,'0','0','Other, of a kind used with toys, scale models or similar recreational models','6'),
(2158,8504,32,3000,'5.00%','0','Other, having a minimum frequency of 3 MHz','6'),
(2159,8504,32,4100,'5.00%','0','Matching transformers','6'),
(2160,8504,32,4900,'5.00%','0','Other','6'),
(2161,8504,32,5100,'5.00%','0','Matching transformers','6'),
(2162,8504,32,5900,'5.00%','0','Other','6'),
(2163,8504,33,1100,'5.00%','0','Matching transformers','6'),
(2164,8504,33,1900,'5.00%','0','Other','6'),
(2165,8504,33,9100,'5.00%','0','Matching transformers','6'),
(2166,8504,33,9900,'5.00%','0','Other','6'),
(2167,8504,34,1100,'5.00%','0','Matching transformers','6'),
(2168,8504,34,1200,'5.00%','0','Explosion proof dry type transformers','6'),
(2169,8504,34,1300,'5.00%','0','Other','6'),
(2170,8504,34,1400,'5.00%','0','Matching transformers','6'),
(2171,8504,34,1500,'5.00%','0','Explosion proof dry type transformers','6'),
(2172,8504,34,1600,'5.00%','0','Other','6'),
(2173,8504,34,2200,'5.00%','0','Matching transformers','6'),
(2174,8504,34,2300,'5.00%','0','Explosion proof dry type transformers','6'),
(2175,8504,34,2400,'5.00%','0','Other','6'),
(2176,8504,34,2500,'5.00%','0','Matching transformers','6'),
(2177,8504,34,2600,'5.00%','0','Explosion proof dry type transformers','6'),
(2178,8504,34,2900,'5.00%','0','Other','6'),
(2179,8504,40,1100,'0','0','Uninterruptible power supplies (USP)','6'),
(2180,8504,40,1900,'0','0','Other','6'),
(2181,8504,40,2000,'0','0','Battery chargers having a rating exceeding 100kVA','6'),
(2182,8504,40,3000,'0','0','Other rectifiers','6'),
(2183,8504,40,4000,'0','0','Inverters','6'),
(2184,8504,40,9000,'0','0','Other','6'),
(2185,8504,50,1000,'0','0','Inductors for power supplies for automatic data processing machines and units thereof, and for telecommunication apparatus','6'),
(2186,8504,50,2000,'0','0','Chip type fixed inductors','6'),
(2187,8504,50,9300,'0','0','Having a power handling capacity not exceeding 2,500kVA','6'),
(2188,8504,50,9400,'0','0','Having a power handling capacity exceeding 2,500kVA but not exceeding 10,000kVA','6'),
(2189,8504,50,9500,'0','0','Having a power handling capacity exceeding 10,000kVA','6'),
(2190,8504,90,1000,'0','0','Of goods of subheading of 8504.10','6'),
(2191,8504,90,2000,'0','0','Printed circuit assemblies for the goods of subheading 8504.40.11, 8504.40.19, 8504.50.10','6'),
(2192,8504,90,3100,'0','0','Radiator panels, flat tube radiator assemblies of a kind used for distribution and power transformers','6'),
(2193,8504,90,3900,'0','0','Other','6'),
(2194,8504,90,4100,'0','0','Radiator panels, flat tube radiator assemblies of a kind used for distribution and power transformers','6'),
(2195,8504,90,4900,'0','0','Other','6'),
(2196,8504,90,9000,'0','0','Other','6'),
(2197,8505,11,0000,'0','0','Of metal','6'),
(2198,8505,19,0000,'0','0','Other','6'),
(2199,8505,20,0000,'0','0','Electromagnetic couplings, clutches and brakes','6'),
(2200,8505,90,0000,'0','0','Other, including parts','6'),
(2201,8506,10,1000,'0','0','Having an external volume not exceeding 300 cm3','6'),
(2202,8506,10,9000,'0','0','Other','6'),
(2203,8506,30,0000,'0','0','Mercuric oxide','6'),
(2204,8506,40,0000,'0','0','Silver oxide','6'),
(2205,8506,50,0000,'0','0','Lithium','6'),
(2206,8506,60,1000,'0','0','Having an external volume not exceeding 3000 cm3','6'),
(2207,8506,60,9000,'0','0','Other','6'),
(2208,8506,80,1000,'0','0','Zinc carbon, having an external volume not exceeding 300cm3','6'),
(2209,8506,80,2000,'0','0','Zinc carbon, having an external volume exceeding 300cm3','6'),
(2210,8506,80,9100,'0','0','Having an external volume not exceeding 300cm3','6'),
(2211,8506,80,9900,'0','0','Other','6'),
(2212,8506,90,0000,'0','0','Parts','6'),
(2213,8507,10,1000,'0','0','Of a kind used for aircraft','6'),
(2214,8507,10,9200,'25.00%','0','Of a height (excluding terminals and handles) not exceeding 13cm','6'),
(2215,8507,10,9500,'20.00%','0','Of a height (excluding terminals and handles) exceeding 13cm but not exceeding 23cm','6'),
(2216,8507,10,9600,'20.00%','0','Of a height (excluding terminals and handles) exceeding 23cm','6'),
(2217,8507,10,9700,'20.00%','0','Of a height (excluding terminals and handles) not exceeding 13cm','6'),
(2218,8507,10,9800,'20.00%','0','Of a height (excluding terminals and handles) exceeding 13cm but not exceeding 23cm','6'),
(2219,8507,10,9900,'20.00%','0','Of a height (excluding terminals and handles) exceeding 23cm','6'),
(2220,8507,20,1000,'0','0','Of a kind used for aircraft','6'),
(2221,8507,20,9400,'20.00%','0','Of a height (excluding terminals and handles) not exceeding 13cm','6'),
(2222,8507,20,9500,'25.00%','0','Of a height (excluding terminals and handles) exceeding 13cm but not exceeding 23cm','6'),
(2223,8507,20,9600,'20.00%','0','Of a height (excluding terminals and handles) exceeding 23cm','6'),
(2224,8507,20,9700,'20.00%','0','Of a height (excluding terminals and handles) not exceeding 13cm','6'),
(2225,8507,20,9800,'20.00%','0','Of a height (excluding terminals and handles) exceeding 13cm but not exceeding 23cm','6'),
(2226,8507,20,9900,'20.00%','0','Of a height (excluding terminals and handles) exceeding 23cm','6'),
(2227,8507,30,1000,'0','0','Of a kind used for aircraft','6'),
(2228,8507,30,9000,'20.00%','0','Other','6'),
(2229,8507,40,1000,'0','0','Of a kind used for aircraft','6'),
(2230,8507,40,9000,'20.00%','0','Other','6'),
(2231,8507,50,1000,'0','0','Of a kind used for aircraft','6'),
(2232,8507,50,9000,'20.00%','0','Other','6'),
(2233,8507,60,1000,'0','0','Of a kind used for laptops including notebooks and subnotebooks','6'),
(2234,8507,60,2000,'0','0','Of a kind used for aircraft','6'),
(2235,8507,60,9000,'20.00%','0','Other','6'),
(2236,8507,80,1000,'0','0','Of a kind used for aircraft','6'),
(2237,8507,80,2000,'0','0','Of a kind used for laptops including notebooks and subnotebooks','6'),
(2238,8507,80,9000,'20.00%','0','Other','6'),
(2239,8507,90,1100,'0','0','Of goods of subheading 8507.10.92, 8507.10.95, 8507.10.96, 8507.10.97, 8507.10.98 or 8507.10.99','6'),
(2240,8507,90,1200,'0','0','Of a kind used for aircraft','6'),
(2241,8507,90,1900,'0','0','Other','6'),
(2242,8507,90,9100,'0','0','Of a kind used for aircraft','6'),
(2243,8507,90,9200,'0','0','Battery separators, ready for use, of materials other than poly(vinyl chloride)','6'),
(2244,8507,90,9300,'0','0','Other, of goods of subheading 8507.10.92, 8507.10.95, 8507.10.96, 8507.10.97, 8507.10.98 or 8507.10.99','6'),
(2245,8507,90,9900,'0','0','Other','6'),
(2246,8508,11,0000,'20.00%','0','Of a power not exceeding 1,500W and having a dust bag or other receptacle capacity not exceeding 20l','6'),
(2247,8508,19,1000,'20.00%','0','Of a kind suitable for domestic use','6'),
(2248,8508,19,9000,'20.00%','0','Other','6'),
(2249,8508,60,0000,'0','0','Other vacuum cleaners','6'),
(2250,8508,70,1000,'0','0','Of vacuum cleaners of subheading 8508.11.00 or 8508.19.10','6'),
(2251,8508,70,9000,'0','0','Other','6'),
(2252,8509,40,0000,'20.00%','0','Food grinders and mixers, fruit or vegetable juice extractors','6'),
(2253,8509,80,1000,'20.00%','0','Floor polishers','6'),
(2254,8509,80,2000,'20.00%','0','Kitchen waste disposers','6'),
(2255,8509,80,9000,'20.00%','0','Other','6'),
(2256,8509,90,1000,'0','0','Of goods of subheading 8509.80.10','6'),
(2257,8509,90,9000,'0','0','Other','6'),
(2258,8510,10,0000,'0','0','Shavers','6'),
(2259,8510,20,0000,'0','0','Hair clippers','6'),
(2260,8510,30,0000,'0','0','Hairremoving appliances','6'),
(2261,8510,90,0000,'0','0','Parts','6'),
(2262,8511,10,1000,'10.00%','0','Of a kind suitable for aircraft engines','6'),
(2263,8511,10,2000,'10.00%','0','Of a kind suitable for motor vehicle engines','6'),
(2264,8511,10,9000,'10.00%','0','Other','6'),
(2265,8511,20,1000,'5.00%','0','Of a kind suitable for aircraft engines','6'),
(2266,8511,20,2100,'5.00%','0','Unassembled','6'),
(2267,8511,20,2900,'5.00%','0','Other','6'),
(2268,8511,20,9100,'5.00%','0','Unassembled','6'),
(2269,8511,20,9900,'5.00%','0','Other','6'),
(2270,8511,30,3000,'0','0','Of a kind suitable for aircraft engines','6'),
(2271,8511,30,4100,'0','0','Unassembled','6'),
(2272,8511,30,4900,'0','0','Other','6'),
(2273,8511,30,9100,'0','0','Unassembled','6'),
(2274,8511,30,9900,'0','0','Other','6'),
(2275,8511,40,1000,'0','0','Of a kind used for aircraft engines','6'),
(2276,8511,40,2100,'0','0','For engines of vehicles of heading 87.02, 87.03, 87.04 or 87.05','6'),
(2277,8511,40,2900,'0','0','Other','6'),
(2278,8511,40,3100,'0','0','For engines of vehicles of heading 87.01','6'),
(2279,8511,40,3200,'0','0','For engines of vehicles of heading 87.02, 87.03 or 87.04','6'),
(2280,8511,40,3300,'0','0','For engines of vehicles of heading 87.05','6'),
(2281,8511,40,9100,'0','0','For engines of vehicles of heading 87.02, 87.03, 87.04 or 87.05','6'),
(2282,8511,40,9900,'0','0','Other','6'),
(2283,8511,50,1000,'0','0','Of a kind used for aircraft engines','6'),
(2284,8511,50,2100,'0','0','For engines of vehicles of heading 87.02, 87.03, 87.04 or 87.05','6'),
(2285,8511,50,2900,'0','0','Other','6'),
(2286,8511,50,3100,'0','0','For engines of vehicles of heading 87.01','6'),
(2287,8511,50,3200,'0','0','For engines of vehicles of heading 87.02, 87.03 or 87.04','6'),
(2288,8511,50,3300,'0','0','For engines of vehicles of heading 87.05','6'),
(2289,8511,50,9100,'0','0','For engines of vehicles of heading 87.02, 87.03, 87.04 or 87.05','6'),
(2290,8511,50,9900,'0','0','Other','6'),
(2291,8511,80,1000,'0','0','Of a kind used for aircraft engines','6'),
(2292,8511,80,2000,'0','0','Of a kind suitable for motor vehicles engines','6'),
(2293,8511,80,9000,'0','0','Other','6'),
(2294,8511,90,1000,'0','0','Of a kind used for aircraft engines','6'),
(2295,8511,90,2000,'0','0','Of a kind suitable for motor vehicles engines','6'),
(2296,8511,90,9000,'0','0','Other','6'),
(2297,8512,10,0000,'0','0','Lighting or visual signalling equipment of a kind used on bicycles','6'),
(2298,8512,20,2000,'0','0','Unassembled lighting or visual signalling equipment','6'),
(2299,8512,20,9100,'0','0','For motorcycles','6'),
(2300,8512,20,9900,'0','0','Other','6'),
(2301,8512,30,1000,'0','0','Horns and sirens, assembled','6'),
(2302,8512,30,2000,'0','0','Unassembled sound signalling equipment','6'),
(2303,8512,30,9100,'0','0','Obstacle detection (warning) devices for vehicles','6'),
(2304,8512,30,9900,'0','0','Other','6'),
(2305,8512,40,0000,'0','0','Windscreen wipers, defrosters and demisters','6'),
(2306,8512,90,1000,'0','0','Of goods of subheading 8512.10','6'),
(2307,8512,90,2000,'0','0','Of goods of subheading 8512.20, 8512.30 or 8512.40','6'),
(2308,8513,10,3000,'0','0','Miners'' helmet lamps and quarrymen''s lamps','6'),
(2309,8513,10,9000,'0','0','Other','6'),
(2310,8513,90,1000,'0','0','Of miners'' helmet lamps or quarrymen''s lamps','6'),
(2311,8513,90,3000,'0','0','Flashlight reflectors, flashlight switch slides of plastics','6'),
(2312,8513,90,9000,'0','0','Other','6'),
(2313,8514,10,0000,'0','0','Resistance heated furnaces and ovens','6'),
(2314,8514,20,2000,'0','0','Electric furnaces or ovens for the manufacture of printed circuit boards/printed wiring boards or printed circuit assemblies','6'),
(2315,8514,20,9000,'0','0','Other','6'),
(2316,8514,30,2000,'0','0','Electric furnaces or ovens for the manufacture of printed circuit boards/printed wiring boards or printed circuits assemblies','6'),
(2317,8514,30,9000,'0','0','Other','6'),
(2318,8514,40,0000,'0','0','Other equipment for the heat treatment of materials by induction or dielectric loss','6'),
(2319,8514,90,2000,'0','0','Parts of industrial or laboratory electric furnaces or ovens for the manufacture of printed circuit boards/printed wiring boards or printed circuit assemblies','6'),
(2320,8514,90,9000,'0','0','Other','6'),
(2321,8515,11,0000,'0','0','Soldering irons and guns','6'),
(2322,8515,19,1000,'0','0','Machines and apparatus for soldering components on printed circuit boards/printed wiring boards','6'),
(2323,8515,19,9000,'0','0','Other','6'),
(2324,8515,21,0000,'0','0','Fully or partly automatic','6'),
(2325,8515,29,0000,'0','0','Other','6'),
(2326,8515,31,0000,'0','0','Fully or partly automatic','6'),
(2327,8515,39,1000,'0','0','AC arc welders, transformer type','6'),
(2328,8515,39,9000,'0','0','Other','6'),
(2329,8515,80,1000,'0','0','Electric machines and apparatus for hot spraying of metals or sintered metal carbides','6'),
(2330,8515,80,9000,'0','0','Others','6'),
(2331,8515,90,1000,'0','0','Of AC arc welders, transformer type','6'),
(2332,8515,90,2000,'0','0','Parts of machine apparatus for soldering components on printed circuit boards/printed wiring boards','6'),
(2333,8515,90,9000,'0','0','Other','6'),
(2334,8516,10,1100,'20.00%','0','Water dispenser fitted only with water heater for domestic use','6'),
(2335,8516,10,1900,'20.00%','0','Other','6'),
(2336,8516,10,3000,'0','0','Immersion heaters','6'),
(2337,8516,21,0000,'20.00%','0','Storage heating radiators','6'),
(2338,8516,29,0000,'20.00%','0','Other','6'),
(2339,8516,31,0000,'0','0','Hair dryers','6'),
(2340,8516,32,0000,'0','0','Other hairdressing apparatus','6'),
(2341,8516,33,0000,'20.00%','0','Handdrying apparatus','6'),
(2342,8516,40,1000,'20.00%','0','Of a kind designed to use steam from industrial boilers','6'),
(2343,8516,40,9000,'20.00%','0','Other','6'),
(2344,8516,50,0000,'20.00%','0','Microwave ovens','6'),
(2345,8516,60,1000,'20.00%','0','Rice cookers','6'),
(2346,8516,60,9000,'20.00%','0','Other','6'),
(2347,8516,71,0000,'20.00%','0','Coffee or tea makers','6'),
(2348,8516,72,0000,'20.00%','0','Toasters','6'),
(2349,8516,79,1000,'20.00%','0','Kettles','6'),
(2350,8516,79,9000,'20.00%','0','Other','6'),
(2351,8516,80,1000,'0','0','For typefounding or typesetting machines, for industrial furnaces','6'),
(2352,8516,80,3000,'0','0','For domestic appliances','6'),
(2353,8516,80,9000,'0','0','Other','6'),
(2354,8516,90,2100,'0','0','Sealed hotplates for domestic appliances','6'),
(2355,8516,90,2900,'0','0','Other','6'),
(2356,8516,90,3000,'0','0','Of goods subheading 8516.10','6'),
(2357,8516,90,4000,'0','0','Of electric heating resistors for typefounding or typesetting machines','6'),
(2358,8516,90,9000,'0','0','Other','6'),
(2359,8517,11,0000,'0','0','Line telephone sets with cordless handsets','6'),
(2360,8517,12,0000,'0','0','Telephones for cellular networks or for other wireless networks','6'),
(2361,8517,18,0000,'0','0','Other','6'),
(2362,8517,61,0000,'0','0','Base stations','6'),
(2363,8517,62,1000,'0','0','Radio transmitter and radio receivers of a kind used for simultaneous interpretation at multilingual conferences','6'),
(2364,8517,62,2100,'0','0','Control and adaptor units, including gateways, bridges and routers','6'),
(2365,8517,62,2900,'0','0','Other','6'),
(2366,8517,62,3000,'0','0','Telephonic or telegraphic switching apparatus','6'),
(2367,8517,62,4100,'0','0','Modems including cable modems and modem cards','6'),
(2368,8517,62,4200,'0','0','Concentrators or multiplexers','6'),
(2369,8517,62,4900,'0','0','Other','6'),
(2370,8517,62,5100,'0','0','Wireless LANs','6'),
(2371,8517,62,5200,'0','0','Transmission and reception apparatus of a kind used for simultaneous interpretation at multilingual conferences','6'),
(2372,8517,62,5300,'0','0','Other transmission apparatus for radiotelephony or radiotelegraphy','6'),
(2373,8517,62,5900,'0','0','Other','6'),
(2374,8517,62,6100,'0','0','For radiotelephony or radiotelegraphy','6'),
(2375,8517,62,6900,'0','0','Other','6'),
(2376,8517,61,9100,'0','0','Portable receivers for calling, alerting or paging and paging alert devices, including pagers','6'),
(2377,8517,62,9200,'0','0','For radiotelephony or radiotelegraphy','6'),
(2378,8517,62,9900,'0','0','Other','6'),
(2379,8517,69,0000,'0','0','Other','6'),
(2380,8517,70,1000,'0','0','Of control and adapter units including gateways, bridges and routers','6'),
(2381,8517,70,2100,'0','0','Of cellular telephones','6'),
(2382,8517,70,2900,'0','0','Other','6'),
(2383,8517,70,3100,'0','0','Of goods for line telephony or line telegraphy','6'),
(2384,8517,70,3200,'0','0','Of goods for radiotelephony or radiotelegraphy','6'),
(2385,8517,70,3900,'0','0','Other','6'),
(2386,8517,70,4000,'0','0','Aerials or antennae of a kind used with apparatus for radiotelephony and radiotelegraphy','6'),
(2387,8517,70,9100,'0','0','Of goods for line telephony or line telegraphy','6'),
(2388,8517,70,9200,'0','0','Of goods for radiotelephony or radiotelegraphy','6'),
(2389,8517,70,9900,'0','0','Other','6'),
(2390,8518,10,1100,'0','0','Microphones having a frequency range of 300Hz to 3,400Hz, with a diameter not exceeding 10mm, for telecommunication use','6'),
(2391,8518,10,1900,'0','0','Other microphones, whether or not with their stands','6'),
(2392,8518,10,9000,'0','0','Other','6'),
(2393,8518,21,1000,'12.00%','0','Box speaker type','6'),
(2394,8518,21,9000,'12.00%','0','Other','6'),
(2395,8518,22,1000,'12.00%','0','Box speaker type','6'),
(2396,8518,22,9000,'12.00%','0','Other','6'),
(2397,8518,29,2000,'0','0','Loudspeakers, without enclosure, having a frequency range of 300Hz to 3,400Hz, with a diameter not exceeding 50mm, for telecommunication use','6'),
(2398,8518,29,9000,'0','0','Other','6'),
(2399,8518,30,1000,'0','0','Headphones','6'),
(2400,8518,30,2000,'0','0','Earphones','6'),
(2401,8518,30,4000,'0','0','Line telephone handsets','6'),
(2402,8518,30,5100,'0','0','For goods of subheading 8517.12.00','6'),
(2403,8518,30,5900,'12.00%','0','Other','6'),
(2404,8518,30,9000,'12.00%','0','Other','6'),
(2405,8518,40,2000,'12.00%','0','Used as repeaters in line telephony','6'),
(2406,8518,40,3000,'12.00%','0','Used as repeaters in telephony other than line telephony','6'),
(2407,8518,40,4000,'12.00%','0','Other, having 6 or more input signal lines, with or without elements for capacity amplifiers','6'),
(2408,8518,40,9000,'12.00%','0','Other','6'),
(2409,8518,50,1000,'12.00%','0','Having a power rating of 240W or more','6'),
(2410,8518,50,2000,'12.00%','0','Other, with loudspeakers, of a kind suitable for broadcasting, having a voltage rating of 50V or more but not exceeding 100V','6'),
(2411,8518,50,9000,'12.00%','0','Other','6'),
(2412,8518,90,1000,'0','0','Of goods of subheading 8518.10.11, 8518.29.20, 8518.30.40 or 8518.40.20, including printed circuit assemblies','6'),
(2413,8518,90,2000,'0','0','Of goods of subheading 8518.40.40','6'),
(2414,8518,90,3000,'0','0','Of goods of subheading 8518.21 or 8518.22','6'),
(2415,8518,90,4000,'0','0','Of goods of subheading 8518.29.90','6'),
(2416,8518,90,9000,'0','0','Other','6'),
(2417,8519,20,1000,'0','0','Coins, tokens or disc operated record players','6'),
(2418,8519,20,9000,'10.00%','0','Other','6'),
(2419,8519,30,0000,'0','0','Turntables (recorddecks)','6'),
(2420,8519,50,0000,'0','0','Telephone answering machines','6'),
(2421,8519,81,1000,'0','0','Pocketsize cassette recorders, the dimensions of which do not exceed 170mm x 100mm x 45mm','6'),
(2422,8519,81,2000,'0','0','Cassette recorders, with builtin amplifiers and one or more builtin loudspeakers, operating only with an external source of power','6'),
(2423,8519,81,3000,'5.00%','0','Compact disc players','6'),
(2424,8519,81,4100,'0','0','Of a kind suitable for cinematography or broadcasting','6'),
(2425,8519,81,4900,'0','0','Other','6'),
(2426,8519,81,5000,'0','0','Dictating machines not capable of operating without an external source of power','6'),
(2427,8519,81,6100,'0','0','Of a kind suitable for cinematography or broadcasting','6'),
(2428,8519,81,6900,'0','0','Other','6'),
(2429,8519,81,7100,'0','0','Of a kind suitable for cinematography or broadcasting','6'),
(2430,8519,81,7900,'0','0','Other','6'),
(2431,8519,81,9100,'0','0','Of a kind suitable for cinematography or broadcasting','6'),
(2432,8519,81,9900,'0','0','Other','6'),
(2433,8519,89,1100,'0','0','For film of a width of less than 16mm','6'),
(2434,8519,89,1200,'0','0','For film of a width of 16mm or more','6'),
(2435,8519,89,2000,'0','0','Recordplayers with or without loudspeakers','6'),
(2436,8519,89,3000,'0','0','Of a kind suitable for cinematography or broadcasting','6'),
(2437,8519,89,9030,'5.00%','0','Other sound reproducing apparatus','6'),
(2438,8519,89,9090,'0','0','Other','6'),
(2439,8521,10,1000,'0','0','Of a kind used in cinematography or television broadcasting','6'),
(2440,8521,10,9000,'0','0','Other','6'),
(2441,8521,90,1100,'0','0','Of a kind used in cinematography or television broadcasting','6'),
(2442,8521,90,1900,'0','0','Other','6'),
(2443,8521,90,9100,'0','0','Of a kind used in cinematography or television broadcasting','6'),
(2444,8521,90,9900,'0','0','Other','6'),
(2445,8522,10,0000,'0','0','Pickup cartridges','6'),
(2446,8522,90,2000,'0','0','Printed circuit board assemblies for telephone answering machines','6'),
(2447,8522,90,3000,'0','0','Printed circuit board assemblies for cinematographic sound recorders or reproducers','6'),
(2448,8522,90,4000,'0','0','Audio or video tapedecks and compact disc mechanisms','6'),
(2449,8522,90,5000,'0','0','Audio or video reproduction heads, magnetic type, magnetic erasing heads or rods','6'),
(2450,8522,90,9100,'0','0','Other parts and accessories of cinematographic sound recorders or reproducers','6'),
(2451,8522,90,9200,'0','0','Other parts of telephone answering machines','6'),
(2452,8522,90,9300,'0','0','Other parts and accessories for goods of subheading 8519.81 or heading 85.21','6'),
(2453,8522,90,9900,'0','0','Other','6'),
(2454,8523,21,1000,'0','0','Unrecorded','6'),
(2455,8523,21,9000,'0','0','Other','6'),
(2456,8523,29,1100,'0','0','Computer tapes','6'),
(2457,8523,29,1900,'0','0','Other','6'),
(2458,8523,29,2100,'0','0','Video tapes','6'),
(2459,8523,29,2900,'0','0','Other','6'),
(2460,8523,29,3100,'0','0','Computer tapes','6'),
(2461,8523,29,3300,'0','0','Video tapes','6'),
(2462,8523,29,3900,'0','0','Other','6'),
(2463,8523,29,4100,'0','0','Computer tapes','6'),
(2464,8523,29,4200,'0','0','Of a kind suitable for cinematography','6'),
(2465,8523,29,4300,'0','0','Other video tapes','6'),
(2466,8523,29,4900,'0','0','Other','6'),
(2467,8523,29,5100,'0','0','Computer tapes','6'),
(2468,8523,29,5200,'0','0','Video tapes','6'),
(2469,8523,29,5900,'0','0','Other','6'),
(2470,8523,29,6100,'0','0','Of a kind used for reproducing representations of instructions, data, sound and image, recorded in a machine readable binary form, and capable of being manipulated or providing interactivity to a user, by means of an automatic data processing machine, proprietary format storage (recorded) media','6'),
(2471,8523,29,6200,'0','0','Of a kind suitable for cinematography','6'),
(2472,8523,29,6300,'0','0','Other video tapes','6'),
(2473,8523,29,6900,'0','0','Other','6'),
(2474,8523,29,7100,'0','0','Computer hard disks and diskettes','6'),
(2475,8523,29,7900,'0','0','Other','6'),
(2476,8523,29,8100,'0','0','Of a kind suitable for computer use','6'),
(2477,8523,29,8200,'0','0','Other','6'),
(2478,8523,29,8300,'0','0','Other, of a kind used for reproducing representations of instructions, data, sound and image, recorded in a machine readable binary form, and capable of being manipulated or providing interactivity to a user, by means of an automatic data processing machine, propriety format storage (recorded) media','6'),
(2479,8523,29,8500,'0','0','Other, containing cinematographic movies other than newsreels, travelogues, technical, scientific movies, and other documentary movies','6'),
(2480,8523,29,8600,'0','0','Other, of a kind suitable for cinematography','6'),
(2481,8523,29,8900,'0','0','Other','6'),
(2482,8523,29,9100,'0','0','Of a kind suitable for computer use','6'),
(2483,8523,29,9200,'0','0','Other','6'),
(2484,8523,29,9300,'0','0','Of a kind suitable for computer use','6'),
(2485,8523,29,9400,'0','0','Other','6'),
(2486,8523,29,9500,'0','0','Other, of a kind used for reproducing representations of instructions, data, sound and image, recorded in a machine readable binary form, and capable of being manipulated or providing interactivity to a user, by means of an automatic data processing machine, propriety format storage (recorded) media.','6'),
(2487,8523,29,9900,'0','0','Other','6'),
(2488,8523,41,1000,'0','0','Of a kind suitable for computer use','6'),
(2489,8523,41,9000,'0','0','Other','6'),
(2490,8523,49,1100,'0','0','Of a kind used for reproducing phenomena other than sound or image','6'),
(2491,8523,49,1200,'0','0','Educational, technical, scientific, historical or cultural disc','6'),
(2492,8523,49,1300,'0','0','Other','6'),
(2493,8523,49,1400,'0','0','Other, of a kind used for reproducing representations of instructions, data, sound and image, recorded in a machine readable binary form, and capable of being manipulated or providing interactivity to a user, by means of an automatic data processing machine, proprietary format storage (recorded) media','6'),
(2494,8523,49,1500,'0','0','Other, containing cinematographic movies other than newsreels, travelogues, technical, scientific movies, and other documentary movies','6'),
(2495,8523,49,1600,'0','0','Other, of a kind suitable for cinematography','6'),
(2496,8523,49,1900,'0','0','Other','6'),
(2497,8523,49,9100,'0','0','Of a kind used for reproducing phenomena other than sound or image','6'),
(2498,8523,49,9200,'0','0','Of a kind used for reproducing sound only','6'),
(2499,8523,49,9300,'0','0','Other, of a kind used for reproducing representations of instructions, data, sound and image, recorded in a machine readable binary form, and capable of being manupulated or providing interactivity to a user, by means of an automatic data processing machine, propriety format storage (ecorded) media','6'),
(2500,8523,49,9900,'0','0','Other','6'),
(2501,8523,51,1100,'0','0','Of a kind suitable for computer use','6'),
(2502,8523,51,1900,'0','0','Other','6'),
(2503,8523,51,2100,'0','0','Of a kind suitable for computer use','6'),
(2504,8523,51,2900,'0','0','Other','6'),
(2505,8523,51,3000,'0','0','Other, of a kind used for reproducing representations of instructions, data, sound and image, recorded in a machine readable binary form, and capable of being manipulated or providing interactivity to a user, by means of an automatic data processing machine, propriety format storage (recorded) media','6'),
(2506,8523,51,9100,'0','0','Other, containing cinematographic movies other than newsreels, travelogues, technical, scientific movies, and other documentary movies','6'),
(2507,8523,51,9200,'0','0','Other, of a kind suitable for cinematography','6'),
(2508,8523,51,9900,'0','0','Other','6'),
(2509,8523,52,0000,'0','0','"Smart cards"','6'),
(2510,8523,59,1000,'0','0','Proximity cards and tags','6'),
(2511,8523,59,2100,'0','0','Of a kind suitable for computer use','6'),
(2512,8523,59,2900,'0','0','Other','6'),
(2513,8523,59,3000,'0','0','Of a kind used for reproducing phenomena other than sound or image','6'),
(2514,8523,59,4000,'0','0','Other, of a kind used for reproducing representations of instructions, data, sound and image, recorded in a machine readable binary form, and capable of being manipulated or providing interactivity to a user, by means of an automatic data processing machine, propriety format storage (recorded) media','6'),
(2515,8523,59,9000,'0','0','Other','6'),
(2516,8523,80,4000,'0','0','Gramophone records','6'),
(2517,8523,80,5100,'0','0','Of a kind suitable for computer use','6'),
(2518,8523,80,5900,'0','0','Other','6'),
(2519,8523,80,9100,'0','0','Of a kind used for reproducing phenomena other than sound or image','6'),
(2520,8523,80,9200,'0','0','Other, of a kind used for reproducing representations of instructions, data, sound and image, recorded in a machine readable binary form, and capable of being manipulated or providing interactivity to a user, by means of an automatic data processing machine, proprietary format storage (recorded) media','6'),
(2521,8523,80,9900,'0','0','Other','6'),
(2522,8525,50,0000,'0','0','Transmission apparatus','6'),
(2523,8525,60,0000,'0','0','Transmission apparatus incorporating reception apparatus','6'),
(2524,8525,80,1000,'0','0','Web cameras','6'),
(2525,8525,80,3100,'0','0','Of a kind used in broadcasting','6'),
(2526,8525,80,3900,'0','0','Other','6'),
(2527,8525,80,4000,'0','0','Television cameras','6'),
(2528,8525,80,5100,'0','0','Digital single lens reflex (DSLR)','6'),
(2529,8525,80,5900,'0','0','Other','6'),
(2530,8526,10,1000,'0','0','Radar apparatus, ground based, or of a kind for use in civil aircraft, or of a kind use solely on seagoing vessels','6'),
(2531,8526,10,9000,'0','0','Other','6'),
(2532,8526,91,1000,'0','0','Radio navigational aid apparatus, of a kind for use in civil aircraft, or of a kind used solely on seagoing vessels','6'),
(2533,8526,91,9000,'0','0','Other','6'),
(2534,8526,92,0000,'0','0','Radio remote control apparatus','6'),
(2535,8527,12,0000,'0','0','Pocketsize radio cassetteplayers','6'),
(2536,8527,13,1000,'0','0','Portable','6'),
(2537,8527,13,9000,'10.00%','0','Other','6'),
(2538,8527,19,2000,'0','0','Portable','6'),
(2539,8527,19,9000,'10.00%','0','Other','6'),
(2540,8527,21,0010,'10.00%','0','Capable of receiving and decoding digital radio data system signals','6'),
(2541,8527,21,0090,'20.00%','0','Other','6'),
(2542,8527,29,0000,'10.00%','0','Other','6'),
(2543,8527,91,1000,'0','0','Portable','6'),
(2544,8527,91,9000,'7.00%','0','Other','6'),
(2545,8527,92,2000,'10.00%','0','Mains operated','6'),
(2546,8527,92,9000,'0','0','Other','6'),
(2547,8527,99,2000,'10.00%','0','Mains operated','6'),
(2548,8527,99,9000,'0','0','Other','6'),
(2549,8528,42,0000,'0','0','capable of directly connecting to and designed for use with an automatic data processing machine of heading 84.71','6'),
(2550,8528,49,1000,'12.00%','0','Colour','6'),
(2551,8528,49,2000,'12.00%','0','Monochrome','6'),
(2552,8528,52,0000,'0','0','Capable of directly connecting to and designed for use with an automatic data processing machine of heading 84.71','6'),
(2553,8528,59,1000,'25.00%','0','Colour','6'),
(2554,8528,59,2000,'25.00%','0','Monochrome','6'),
(2555,8528,62,0000,'0','0','Capable of directly connecting to and designed for use with an automatic data processing machine of heading 84.71','6'),
(2556,8528,69,1000,'0','0','Having the capability of projecting onto a screen diagonally measuring 300 inches or more','6'),
(2557,8528,69,9000,'0','0','Other','6'),
(2558,8528,71,1100,'15.00%','0','Mains operated','6'),
(2559,8528,71,1900,'0','0','Other','6'),
(2560,8528,71,9100,'15.00%','0','Mains operated','6'),
(2561,8528,71,9900,'0','0','Other','6'),
(2562,8528,72,1000,'0','0','Battery operated','6'),
(2563,8528,72,9100,'30.00%','0','Cathoderay tube type','6'),
(2564,8528,72,9200,'30.00%','0','Liquid crystal device (LCD), light emitting diode (LED) and other flat panel display type','6'),
(2565,8528,72,9900,'30.00%','0','Other','6'),
(2566,8528,73,0000,'0','0','Other, monochrome','6'),
(2567,8529,10,2100,'0','0','For television reception','6'),
(2568,8529,10,2900,'0','0','Other','6'),
(2569,8529,10,3010,'0','0','For television','6'),
(2570,8529,10,3020,'0','0','For radio','6'),
(2571,8529,10,4010,'0','0','For television','6'),
(2572,8529,10,4020,'0','0','For radio','6'),
(2573,8529,10,6010,'0','0','For television','6'),
(2574,8529,10,6020,'0','0','For radio','6'),
(2575,8529,10,9210,'0','0','For television','6'),
(2576,8529,10,9220,'0','0','For radio','6'),
(2577,8529,10,9900,'0','0','Other','6'),
(2578,8529,90,2000,'0','0','Of decoders','6'),
(2579,8529,90,4000,'0','0','Of digital cameras or video camera recorders','6'),
(2580,8529,90,5100,'0','0','For goods of subheading 8525.50 or 8525.60','6'),
(2581,8529,90,5200,'0','0','For goods of subheading 8527.13, 8527.19, 8527.21, 8527.29, 8527.91 or 8527.99','6'),
(2582,8529,90,5300,'0','0','For flat panel displays','6'),
(2583,8529,90,5400,'0','0','Other, for television receivers','6'),
(2584,8529,90,5500,'0','0','Other','6'),
(2585,8529,90,5900,'0','0','Other','6'),
(2586,8529,90,9100,'0','0','For television receivers','6'),
(2587,8529,90,9400,'0','0','For flat panel displays','6'),
(2588,8529,90,9900,'0','0','Other','6'),
(2589,8530,10,0000,'0','0','Equipment for railways or tramways','6'),
(2590,8530,80,0000,'0','0','Other equipment','6'),
(2591,8530,90,0000,'0','0','Parts','6'),
(2592,8531,10,1000,'0','0','Burglar alarms','6'),
(2593,8531,10,2000,'0','0','Fire alarms','6'),
(2594,8531,10,3000,'0','0','Smoke alarms, portable personal alarms (shrill alarms)','6'),
(2595,8531,10,9000,'0','0','Other','6'),
(2596,8531,20,0000,'0','0','Indicator panels incorporating liquid crystal devices (LCD) or light emitting diodes (LED)','6'),
(2597,8531,80,1000,'0','0','Electronic bells and other sound signalling apparatus','6'),
(2598,8531,80,2100,'0','0','Vacuum fluorescent display panels','6'),
(2599,8531,80,2900,'0','0','Other','6'),
(2600,8531,80,9000,'0','0','Other','6'),
(2601,8531,90,1000,'0','0','Parts including printed circuit assemblies of subheading 8531.20, 8531.80.21 or 8531.80.29','6'),
(2602,8531,90,2000,'0','0','Of door bells or other door sound signalling apparatus','6'),
(2603,8531,90,3000,'0','0','Of other bells or sound signalling apparatus','6'),
(2604,8531,90,9000,'0','0','Other','6'),
(2605,8532,10,0000,'0','0','Fixed capacitors designed for use in 50/60 Hz circuits and having a reactive power handling capacity of not less than 0.5 kvar (power capacitors)','6'),
(2606,8532,21,0000,'0','0','Tantalum','6'),
(2607,8532,22,0000,'0','0','Aluminium electrolytic','6'),
(2608,8532,23,0000,'0','0','Ceramic dielectric, single layer','6'),
(2609,8532,24,0000,'0','0','Ceramic dielectric, multilayer','6'),
(2610,8532,25,0000,'0','0','Dielectric of paper or plastics','6'),
(2611,8532,29,0000,'0','0','Other','6'),
(2612,8532,30,0000,'0','0','Variable or adjustable (preset) capacitors','6'),
(2613,8532,90,0000,'0','0','Parts','6'),
(2614,8533,10,1000,'0','0','Surface mounted','6'),
(2615,8533,10,9000,'0','0','Other','6'),
(2616,8533,21,0000,'0','0','For a power handling capacity not exceeding 20W','6'),
(2617,8533,29,0000,'0','0','Other','6'),
(2618,8533,31,0000,'0','0','For a power handling capacity not exceeding 20W','6'),
(2619,8533,39,0000,'0','0','Other','6'),
(2620,8533,40,0000,'0','0','Other variable resistors, including rheostats and potentiometers','6'),
(2621,8533,90,0000,'0','0','Parts','6'),
(2622,8534,00,1000,'0','0','Singlesided','6'),
(2623,8534,00,2000,'0','0','Doublesided','6'),
(2624,8534,00,3000,'0','0','Multilayer','6'),
(2625,8534,00,9000,'0','0','Other','6'),
(2626,8535,10,0000,'15.00%','0','Fuses','6'),
(2627,8535,21,1000,'15.00%','0','Moulded case type','6'),
(2628,8535,21,2000,'15.00%','0','Earth leakage circuit breaker','6'),
(2629,8535,21,9000,'15.00%','0','Other','6'),
(2630,8535,29,1000,'15.00%','0','Earth leakage circuit breaker','6'),
(2631,8535,29,9000,'15.00%','0','Other','6'),
(2632,8535,30,1100,'15.00%','0','Disconnectors having a voltage of less than 36kV','6'),
(2633,8535,30,1900,'15.00%','0','Other','6'),
(2634,8535,30,2000,'15.00%','0','For a voltage of 66kV or more','6'),
(2635,8535,30,9000,'15.00%','0','Other','6'),
(2636,8535,40,0000,'0','0','Lightning arresters, voltage limiters and surge suppressors','6'),
(2637,8535,90,1000,'15.00%','0','Bushing assemblies and tap changer assemblies for electricity distribution or power transformers','6'),
(2638,8535,90,2000,'15.00%','0','Changeover switches of a kind used for strarting electricity motors','6'),
(2639,8535,90,9000,'15.00%','0','Other','6'),
(2640,8536,10,1100,'15.00%','0','Suitable for use in electric fans','6'),
(2641,8536,10,1200,'15.00%','0','Other, for a current of less than 16A','6'),
(2642,8536,10,1300,'0','0','Fuse blocks, of a kind used for motor vehicles','6'),
(2643,8536,10,1900,'0','0','Other','6'),
(2644,8536,10,9100,'15.00%','0','Suitable for use in electric fans','6'),
(2645,8536,10,9200,'15.00%','0','Other, for a current of less than 16A','6'),
(2646,8536,10,9300,'0','0','Fuse blocks, of a kind used for motor vehicles','6'),
(2647,8536,10,9900,'0','0','Other','6'),
(2648,8536,20,1100,'15.00%','0','For a current of less than 16A','6'),
(2649,8536,20,1200,'0','0','For a current of 16A or more, but not more than 32A','6'),
(2650,8536,20,1300,'0','0','For a current of more than 32A, but not more than 1000A','6'),
(2651,8536,20,1900,'0','0','Other','6'),
(2652,8536,20,2000,'15.00%','0','Of a kind incorporated into electrothermic domestic appliances of heading 85.16','6'),
(2653,8536,20,9100,'15.00%','0','For a current of less than 16A','6'),
(2654,8536,20,9900,'0','0','Other','6'),
(2655,8536,30,1000,'11.00%','0','Lightning arresters','6'),
(2656,8536,30,2000,'0','0','Of a kind used in radio equipment or in electric fans','6'),
(2657,8536,30,9000,'11.00%','0','Other','6'),
(2658,8536,41,1000,'0','0','Digital relays','6'),
(2659,8536,41,2000,'5.00%','0','Of a kind used in radio equipment','6'),
(2660,8536,41,3000,'15.00%','0','Of a kind used in electric fans','6'),
(2661,8536,41,4000,'15.00%','0','Other, for a current of less than 16A','6'),
(2662,8536,41,9100,'0','0','Semiconductor or electromagnetic relays of voltage not exceeding 28V','6'),
(2663,8536,41,9900,'0','0','Other','6'),
(2664,8536,49,1000,'0','0','Digital relays','6'),
(2665,8536,49,9000,'0','0','Other','6'),
(2666,8536,50,2000,'0','0','Overcurrent and residualcurrent automatic switches','6'),
(2667,8536,50,3200,'0','0','Of a kind suitable for use in electric fans or in radio equipment','6'),
(2668,8536,50,3300,'11.00%','0','Other, of a rated current carrying capacity of less than 16A','6'),
(2669,8536,50,3900,'0','0','Other','6'),
(2670,8536,50,4000,'11.00%','0','Miniature switches suitable for use in rice cookers or toaster ovens','6'),
(2671,8536,50,5100,'11.00%','0','For a current of less than 16A','6'),
(2672,8536,50,5900,'0','0','Other','6'),
(2673,8536,50,6100,'11.00%','0','For a current of less than 16A','6'),
(2674,8536,50,6900,'0','0','Other','6'),
(2675,8536,50,9200,'0','0','Of a kind suitable for use in electric fans','6'),
(2676,8536,50,9500,'15.00%','0','Other, changeover switches of a kind used for starting electric motors, fuse switches','6'),
(2677,8536,50,9920,'11.00%','0','For current of less than 16 amps','6'),
(2678,8536,50,9990,'0','0','Other','6'),
(2679,8536,61,1010,'15.00%','0','For a current of less than 16 amps','6'),
(2680,8536,61,1090,'0','0','Other','6'),
(2681,8536,61,9100,'15.00%','0','For a current of less than 16A','6'),
(2682,8536,61,9900,'0','0','Other','6'),
(2683,8536,69,1100,'15.00%','0','For a current of less than 16A','6'),
(2684,8536,69,1900,'0','0','Other','6'),
(2685,8536,69,2300,'15.00%','0','For a current of less than 1.5A','6'),
(2686,8536,69,2400,'15.00%','0','For a current exceeding 1.5A but less than 16A','6'),
(2687,8536,69,2900,'0','0','Other','6'),
(2688,8536,69,3200,'15.00%','0','For a current of less than 16A','6'),
(2689,8536,69,3900,'0','0','Other','6'),
(2690,8536,69,9200,'15.00%','0','For a current of less than 16A','6'),
(2691,8536,69,9900,'0','0','Other','6'),
(2692,8536,70,1000,'0','0','Of ceramics','6'),
(2693,8536,70,2000,'0','0','Of copper','6'),
(2694,8536,70,9000,'0','0','Other','6'),
(2695,8536,90,1200,'15.00%','0','For a current of less than 16A','6'),
(2696,8536,90,1900,'0','0','Other','6'),
(2697,8536,90,2200,'15.00%','0','For a current of less than 16A','6'),
(2698,8536,90,2900,'0','0','Other','6'),
(2699,8536,90,3200,'15.00%','0','For a current of less than 16A','6'),
(2700,8536,90,3900,'0','0','Other','6'),
(2701,8536,90,9300,'15.00%','0','Telephone patch panels','6'),
(2702,8536,90,9400,'15.00%','0','Other','6'),
(2703,8536,90,9900,'0','0','Other','6'),
(2704,8537,10,1100,'15.00%','0','Control panels of a kind suitable for use in distributed control systems','6'),
(2705,8537,10,1200,'15.00%','0','Control panels fitted with a programmable processor','6'),
(2706,8537,10,1300,'15.00%','0','Other control panels of a kind suitable for goods of heading 84.15, 84.18, 84.50, 85.08, 85.09 or 85.16','6'),
(2707,8537,10,1900,'15.00%','0','Other','6'),
(2708,8537,10,2000,'15.00%','0','Distribution boards (including back panels and back planes) for use solely or principally with goods of heading 84.71, 85.17 or 85.25','6'),
(2709,8537,10,3000,'15.00%','0','Programmable logic controllers for automated machines for transport, handling and storage of dies for semiconductor devices','6'),
(2710,8537,10,9100,'0','0','Of a kind used in radio equipment or in electric fans','6'),
(2711,8537,10,9200,'15.00%','0','Of a kind suitable for use in distributed control systems','6'),
(2712,8537,10,9900,'15.00%','0','Other','6'),
(2713,8537,20,1100,'15.00%','0','Incorporating electrical instruments for breaking, connecting or protecting electrical circuits for a voltage of 66kV or more','6'),
(2714,8537,20,1900,'15.00%','0','Other','6'),
(2715,8537,20,2100,'15.00%','0','Incorporating electrical instruments for breaking, connecting or protecting electrical circuits for a voltage of 66kV or more','6'),
(2716,8537,20,2900,'15.00%','0','Other','6'),
(2717,8537,20,9000,'15.00%','0','Other','6'),
(2718,8538,10,1100,'0','0','Parts of programmable logic controllers for automated machines for transport, handling and storage of dies for semiconductor devices','6'),
(2719,8538,10,1200,'0','0','Of a kind used in radio equipment','6'),
(2720,8538,10,1900,'0','0','Other','6'),
(2721,8538,10,2100,'0','0','Parts of progarammable logic controllers for automated machines for transport, handling and storage of dies for semiconductor devices','6'),
(2722,8538,10,2200,'0','0','Of a kind used in radio equipment','6'),
(2723,8538,10,2900,'0','0','Other','6'),
(2724,8538,90,1100,'0','0','Parts including printed circuit assemblies for telephone plugs, connection and contact elements for wires and cables, wafer probers','6'),
(2725,8538,90,1200,'0','0','Parts of goods of subheading 8536.50.51, 8536.50.59, 8536.69.32, 8536.69.39, 8536.90.12 or 8536.90.19','6'),
(2726,8538,90,1300,'0','0','Parts of goods of subheading 8537.10.20','6'),
(2727,8538,90,1900,'0','0','Other','6'),
(2728,8538,90,2000,'0','0','For a voltage exceeding 1000V','6'),
(2729,8539,10,1000,'5.00%','0','For motor vehicles of Chapter 87','6'),
(2730,8539,10,9000,'15.00%','0','Other','6'),
(2731,8539,21,2000,'15.00%','0','Of a kind used in medical equipment','6'),
(2732,8539,21,3000,'15.00%','0','Of a kind used for motor vehicles','6'),
(2733,8539,21,4000,'15.00%','0','Other reflector lamp bulbs','6'),
(2734,8539,21,9000,'15.00%','0','Other','6'),
(2735,8539,22,2000,'15.00%','0','Of a kind used in medical equipment','6'),
(2736,8539,22,3100,'15.00%','0','Of a kind used in decorative illumination, of a power not exceeding 60W','6'),
(2737,8539,22,3200,'15.00%','0','Of a kind used in decorative illumination, of a power exceeding 60W','6'),
(2738,8539,22,3300,'15.00%','0','Other, for domestic lighting','6'),
(2739,8539,22,3900,'15.00%','0','Other','6'),
(2740,8539,22,9100,'15.00%','0','Of a kind used in decorative illumination, of a power not exceeding 60W','6'),
(2741,8539,22,9200,'15.00%','0','Of a kind used in decorative illumination, of a power exceeding 60W','6'),
(2742,8539,22,9300,'15.00%','0','Other, for domestic lighting','6'),
(2743,8539,22,9900,'15.00%','0','Other','6'),
(2744,8539,29,1100,'15.00%','0','Operation threater lamps','6'),
(2745,8539,29,1900,'15.00%','0','Other','6'),
(2746,8539,29,2000,'15.00%','0','Of a kind used for motor vehicles','6'),
(2747,8539,29,3000,'15.00%','0','Other reflector lamp bulbs','6'),
(2748,8539,29,4100,'15.00%','0','Of a kind suitable for medical equipment','6'),
(2749,8539,29,4900,'15.00%','0','Other','6'),
(2750,8539,29,5000,'15.00%','0','Other, having a capacity exceeding 200W but not exceeding 300W and a voltage exceeding 100V','6'),
(2751,8539,29,6000,'15.00%','0','Other, having a capacity but exceeding 200W and a voltage not exceeding 100V','6'),
(2752,8539,29,9000,'15.00%','0','Other','6'),
(2753,8539,31,1000,'15.00%','0','Tubes for compact fluorescent lamps','6'),
(2754,8539,31,2000,'15.00%','0','Other, straight tubes for other fluorescent lamps','6'),
(2755,8539,31,3000,'15.00%','0','Compact fluorescent lamps with builtin ballast','6'),
(2756,8539,31,9000,'15.00%','0','Other','6'),
(2757,8539,32,0000,'15.00%','0','Mercury or sodium vapour lamps, metal halide lamps','6'),
(2758,8539,39,1000,'15.00%','0','Tubes for compact fluorescent lamps','6'),
(2759,8539,39,3010,'10.00%','0','Coldcathode fluorescent lamps (CCFLs) for backlighting of flat panel displays','6'),
(2760,8539,39,3090,'15.00%','0','Other','6'),
(2761,8539,39,9000,'15.00%','0','Other','6'),
(2762,8539,41,0000,'5.00%','0','Arclamps','6'),
(2763,8539,49,0000,'5.00%','0','Other','6'),
(2764,8539,50,0000,'0','0','Lightemitting diode (LED) lamps','6'),
(2765,8539,90,1000,'0','0','Aluminium end caps for fluorescent lamps, aluminium screw caps for incandescent lamps','6'),
(2766,8539,90,2000,'0','0','Other, suitable for lamps of motor vehicles','6'),
(2767,8539,90,9000,'0','0','Other','6'),
(2768,8540,11,0000,'0','0','Colour','6'),
(2769,8540,12,0000,'0','0','Monochrome','6'),
(2770,8540,20,0000,'0','0','Television camera tubes, image converters and intensifiers, other photocathode tubes','6'),
(2771,8540,40,1000,'0','0','Data/graphic display tubes, colour, of a kind used for articles of heading 85.25','6'),
(2772,8540,40,9000,'0','0','Other','6'),
(2773,8540,60,0000,'0','0','Other cathoderay tubes','6'),
(2774,8540,71,0000,'0','0','Magnetrons','6'),
(2775,8540,79,0000,'0','0','Other','6'),
(2776,8540,81,0000,'0','0','Receiver or amplifier valves and tubes','6'),
(2777,8540,89,0000,'0','0','Other','6'),
(2778,8540,91,0000,'0','0','Of cathoderay tubes','6'),
(2779,8540,99,1000,'0','0','Of microwave tubes','6'),
(2780,8540,99,9000,'0','0','Other','6'),
(2781,8541,10,0000,'0','0','Diodes, other than photosensitive or lightemitting diodes (LED)','6'),
(2782,8541,21,0000,'0','0','With a dissipation rate of less than 1W','6'),
(2783,8541,29,0000,'0','0','Other','6'),
(2784,8541,30,0000,'0','0','Thyristors, diacs and triacs, other than photosensitive devices','6'),
(2785,8541,40,1000,'0','0','Lightemitting diodes','6'),
(2786,8541,40,2100,'0','0','Photovoltaic cells, not assembled','6'),
(2787,8541,40,2200,'0','0','Photovoltaic cells assembled in modules or made up into panels','6'),
(2788,8541,40,2900,'0','0','Other','6'),
(2789,8541,40,9000,'0','0','Other','6'),
(2790,8541,50,0000,'0','0','Other semiconductor devices','6'),
(2791,8541,60,0000,'0','0','Mounted piezoelectric crystals','6'),
(2792,8541,90,0000,'0','0','Parts','6'),
(2793,8542,31,0000,'0','0','Processors and controllers, whether or not combined with memories, converters, logic circuits, amplifiers, clock and timing circuits, or other circuits','6'),
(2794,8542,32,0000,'0','0','Memories','6'),
(2795,8542,33,0000,'0','0','Amplifiers','6'),
(2796,8542,39,0000,'0','0','Other','6'),
(2797,8542,90,0000,'0','0','Parts','6'),
(2798,8543,10,0000,'0','0','Particle accelerators','6'),
(2799,8543,20,0000,'0','0','Signal generators','6'),
(2800,8543,30,2000,'0','0','Wet processing equipment for the application by immersion of chemical or electrochemical solutions, whether or not for the purpose of removing material on printed circuit board/printed wiring board subtrates','6'),
(2801,8543,30,9000,'0','0','Other','6'),
(2802,8543,70,1000,'5.00%','0','Electric fence energisers','6'),
(2803,8543,70,2000,'0','0','Remote control apparatus, other than radio remote control apparatus','6'),
(2804,8543,70,3000,'0','0','Electrical machines and apparatus with translation or dictionary functions','6'),
(2805,8543,70,4000,'0','0','Equipment for the removal of dust particles or the elimination of electrostatic charge during the manufacture of printed circuit board/printed wiring boards or printed circuit assemblies, machines for curing material by ultraviolet light for the manufacture of printed circuit boards/printed wiring boards or printed circuit assemblies','6'),
(2806,8543,70,9000,'0','0','Other','6'),
(2807,8543,90,1000,'0','0','Of goods of subheading 8543.10 or 8543.20','6'),
(2808,8543,90,2000,'0','0','Of goods of subheading 8543.30.20','6'),
(2809,8543,90,3000,'0','0','Of goods of subheading 8543.70.30','6'),
(2810,8543,90,4000,'0','0','Of goods of subheading 8543.70.40','6'),
(2811,8543,90,9000,'0','0','Other','6'),
(2812,8544,11,2000,'5.00%','0','With an outer coating or covering of paper, textiles or poly(vinyl chloride)','6'),
(2813,8544,11,3000,'5.00%','0','With an outer coating of lacquer','6'),
(2814,8544,11,4000,'25.00%','0','With an outer coating of enamel','6'),
(2815,8544,11,9000,'5.00%','0','Other','6'),
(2816,8544,19,0000,'5.00%','0','Other','6'),
(2817,8544,20,1100,'30.00%','0','Insulated with rubber or plastics','6'),
(2818,8544,20,1900,'5.00%','0','Other','6'),
(2819,8544,20,2100,'30.00%','0','Insulated with rubber or plastics','6'),
(2820,8544,20,2900,'5.00%','0','Other','6'),
(2821,8544,20,3100,'30.00%','0','Insulated with rubber or plastics','6'),
(2822,8544,20,3900,'5.00%','0','Other','6'),
(2823,8544,20,4100,'30.00%','0','Insulated with rubber or plastics','6'),
(2824,8544,20,4900,'5.00%','0','Other','6'),
(2825,8544,30,1200,'30.00%','0','Of a kind use for vehicles of heading 87.02, 87.03, 87.04 or 87.11','6'),
(2826,8544,30,1300,'30.00%','0','Other','6'),
(2827,8544,30,1400,'5.00%','0','Of a kind use for vehicles of heading 87.02, 87.03, 87.04 or 87.11','6'),
(2828,8544,30,1900,'5.00%','0','Other','6'),
(2829,8544,30,9100,'30.00%','0','Insulated with rubber or plastics','6'),
(2830,8544,30,9900,'5.00%','0','Other','6'),
(2831,8544,42,1100,'5.00%','0','Submarine telephone cables, submarine telegraph cables, submarine radio relay cables','6'),
(2832,8544,42,1300,'30.00%','0','Other, insulated with rubber, plastics or paper','6'),
(2833,8544,42,1900,'5.00%','0','Other','6'),
(2834,8544,42,2100,'5.00%','0','Submarine telephone cables, submarine telegraph cables, submarine radio relay cables','6'),
(2835,8544,42,2300,'30.00%','0','Other, insulated with rubber, plastics or paper','6'),
(2836,8544,42,2900,'5.00%','0','Other','6'),
(2837,8544,42,3200,'30.00%','0','For vehicles of heading 87.02, 87.03, 87.04 or 87.11','6'),
(2838,8544,42,3300,'30.00%','0','Other','6'),
(2839,8544,42,3400,'30.00%','0','For vehicles of heading 87.02, 87.03, 87.04 or 87.11','6'),
(2840,8544,42,3900,'30.00%','0','Other','6'),
(2841,8544,42,9400,'30.00%','0','Electric cables insulated with plastics, having a core diameter not exceeding 5mm','6'),
(2842,8544,42,9500,'30.00%','0','Electric cables insulated with plastics, having a core diameter more than 5mm but not exceeding 19.5mm','6'),
(2843,8544,42,9600,'30.00%','0','Other electric cables insulated with plastics','6'),
(2844,8544,42,9700,'30.00%','0','Electric cables insulated with rubber or paper','6'),
(2845,8544,42,9810,'30.00%','0','Insulated with rubber, plastics or paper','6'),
(2846,8544,42,9890,'5.00%','0','Other','6'),
(2847,8544,42,9900,'5.00%','0','Other','6'),
(2848,8544,49,1100,'5.00%','0','Submarine telephone cables, submarine telegraph cables, submarine radio relay cables','6'),
(2849,8544,49,1300,'30.00%','0','Other, insulated with rubber, plastics or paper','6'),
(2850,8544,49,1900,'5.00%','0','Other','6'),
(2851,8544,49,2110,'30.00%','0','Insulated with rubber, plastics or paper','6'),
(2852,8544,49,2190,'5.00%','0','Other','6'),
(2853,8544,49,2200,'30.00%','0','Electric cables insulated with plastics having a core diameter not exceeding 19.5mm','6'),
(2854,8544,49,2300,'30.00%','0','Other electric cables insulated with plastics','6'),
(2855,8544,49,2400,'30.00%','0','Other, insulated with rubber, plastics or paper','6'),
(2856,8544,49,2900,'5.00%','0','Other','6'),
(2857,8544,49,3100,'5.00%','0','Submarine telephone cables, submarine telegraph cables, submarine radio relay cables','6'),
(2858,8544,49,3200,'30.00%','0','Other, insulated with plastics','6'),
(2859,8544,49,3910,'30.00%','0','Insulated with rubber or paper','6'),
(2860,8544,49,3920,'5.00%','0','Other','6'),
(2861,8544,49,4100,'30.00%','0','Cables insulated with plastics','6'),
(2862,8544,49,4200,'30.00%','0','Other, insulated with rubber, plastics or paper','6'),
(2863,8544,49,4900,'5.00%','0','Other','6'),
(2864,8544,60,1100,'30.00%','0','Cables insulated with plastics having a core diameter of less than 22.7mm','6'),
(2865,8544,60,1200,'30.00%','0','Other, insulated with rubber, plastics or paper','6'),
(2866,8544,60,1900,'5.00%','0','Other','6'),
(2867,8544,60,2100,'30.00%','0','Cables insulated with plastics having a core diameter of less than 22.7mm','6'),
(2868,8544,60,2200,'30.00%','0','Other, insulated with rubber, plastics or paper','6'),
(2869,8544,60,2900,'5.00%','0','Other','6'),
(2870,8544,60,3100,'30.00%','0','Insulated with rubber, plastics or paper','6'),
(2871,8544,60,3900,'5.00%','0','Other','6'),
(2872,8544,70,1000,'0','0','Submarine telephone cables, submarine telegraph cables, submarine radio relay cables','6'),
(2873,8544,70,9000,'0','0','Other','6'),
(2874,8545,11,0000,'0','0','Of a kind used for furnaces','6'),
(2875,8545,19,0000,'0','0','Other','6'),
(2876,8545,20,0000,'0','0','Brushes','6'),
(2877,8545,90,0000,'0','0','Other','6'),
(2878,8546,10,0000,'0','0','Of glass','6'),
(2879,8546,20,1000,'0','0','Transformer brushings and circuit breaker insulators','6'),
(2880,8546,20,9000,'0','0','Other','6'),
(2881,8546,90,0000,'0','0','Other','6'),
(2882,8547,10,0000,'0','0','Insulating fittings of ceramics','6'),
(2883,8547,20,0000,'0','0','Insulating fittings of plastics','6'),
(2884,8547,90,1000,'0','0','Electric conduit tubing and joints therefor, of base metal lined with insulating material','6'),
(2885,8547,90,9000,'0','0','Other','6'),
(2886,8548,10,1310,'0','0','Of a kind used in aircraft','6'),
(2887,8548,10,1390,'25.00%','0','Other','6'),
(2888,8548,10,1910,'0','0','Of a kind used in aircraft','6'),
(2889,8548,10,1990,'20.00%','0','Other','6'),
(2890,8548,10,2010,'5.00%','0','Of primary cells and primary batteries','6'),
(2891,8548,10,2020,'0','0','Of electric accumulators of a kind used in aircraft','6'),
(2892,8548,10,2031,'25.00%','0','Of nominal voltage of 6 volts and 12 volts, of a height (excluding terminals and handles) not more than 23cm','6'),
(2893,8548,10,2039,'20.00%','0','Other','6'),
(2894,8548,10,3010,'5.00%','0','Of primary cells and primary batteries','6'),
(2895,8548,10,3020,'0','0','Of electric accumulators of a kind used in aircraft','6'),
(2896,8548,10,3031,'25.00%','0','Of nominal voltage of 6 volts and 12 volts, of a height (excluding terminals and handles) not more than 23cm','6'),
(2897,8548,10,3039,'20.00%','0','Other','6'),
(2898,8548,10,9100,'5.00%','0','Of primary cells and primary batteries','6'),
(2899,8548,10,9200,'0','0','Of electric accumulators of a kind used in aircraft','6'),
(2900,8548,10,9911,'25.00%','0','Of nominal voltage of 6 volts and 12 volts, of a height (excluding terminals and handles) not vmore than 23cm','6'),
(2901,8548,10,9919,'20.00%','0','Other','6'),
(2902,8548,90,1000,'0','0','Image sensors of the contact type comprising a photoconductive sensor element, an electric charge storage condenser, a light source of light emitting diodes, thinfilm transistor matrix and a scanning condenser, capable of scanning text','6'),
(2903,8548,90,2000,'0','0','Printed circuit assemblies including such assemblies for external connections','6'),
(2904,8548,90,9000,'0','0','Other','6'),
(2905,9001,10,1000,'0','0','For telecommunications and other electrical uses','6'),
(2906,9001,10,9000,'0','0','Other','6'),
(2907,9001,20,0000,'0','0','Sheets and plates of polarising material','6'),
(2908,9001,30,0000,'0','0','Contact lenses','6'),
(2909,9001,40,0000,'0','0','Spectacle lenses of glass','6'),
(2910,9001,50,0000,'0','0','Spectacle lenses of other materials','6'),
(2911,9001,90,1000,'0','0','For photographic or cinematographic cameras or projectors','6'),
(2912,9001,90,9000,'0','0','Other','6'),
(2913,9002,11,0000,'0','0','For camera, projectors or photographic enlargers or reducers','6'),
(2914,9002,19,0000,'0','0','Other','6'),
(2915,9002,20,1000,'0','0','For cinematographic projectors','6'),
(2916,9002,20,2000,'0','0','For cinematographic cameras, photographic cameras and other projectors','6'),
(2917,9002,20,9000,'0','0','Other','6'),
(2918,9002,90,2000,'0','0','For cinematographic projectors','6'),
(2919,9002,90,3000,'0','0','For cinematographic cameras, photographic cameras and other projectors','6'),
(2920,9002,90,9000,'0','0','Other','6'),
(2921,9003,11,0000,'0','0','Of plastics','6'),
(2922,9003,19,0000,'0','0','Of other materials','6'),
(2923,9003,90,0000,'0','0','Parts','6'),
(2924,9004,10,0000,'0','0','Sunglasses','6'),
(2925,9004,90,1000,'0','0','Corrective spectacles','6'),
(2926,9004,90,5010,'0','0','Rubber goggles','6'),
(2927,9004,90,5090,'0','0','Other','6'),
(2928,9004,90,9010,'0','0','Rubber goggles','6'),
(2929,9004,90,9090,'0','0','Other','6'),
(2930,9005,10,0000,'0','0','Binoculars','6'),
(2931,9005,80,1000,'0','0','Astronomical instruments, excluding instruments for radio astronomy','6'),
(2932,9005,80,9000,'0','0','Other','6'),
(2933,9005,90,1000,'0','0','For astronomical instruments, excluding instruments for radioastronomy','6'),
(2934,9005,90,9000,'0','0','Other','6'),
(2935,9006,30,0000,'0','0','Cameras specially designed for underwater use, for aerial survey or for medical or surgical examination of internal organs, comparison cameras for forensic or criminological purposes','6'),
(2936,9006,40,0000,'0','0','Instant print cameras','6'),
(2937,9006,51,0000,'0','0','With a throughthelens viewfinder (single lens reflex (SLR)), for roll film of a width not exceeding 35mm','6'),
(2938,9006,52,0000,'0','0','Other, for roll film of a width less than 35mm','6'),
(2939,9006,53,0000,'0','0','Other, for roll film of a width of 35mm','6'),
(2940,9006,59,2100,'0','0','Laser photoplotters','6'),
(2941,9006,59,2900,'0','0','Other','6'),
(2942,9006,59,3000,'0','0','Laser photoplotters or image setters with a raster image processor','6'),
(2943,9006,59,9000,'0','0','Other','6'),
(2944,9006,61,0000,'0','0','Discharge lamp ("electronic") flashlight apparatus','6'),
(2945,9006,69,0000,'0','0','Other','6'),
(2946,9006,91,1000,'0','0','FOR laser photoplotters OF subheading 9006.59.21','6'),
(2947,9006,91,3000,'0','0','Other, for cameras of subheadings 9006.40 to 9006.53','6'),
(2948,9006,91,9000,'0','0','Other','6'),
(2949,9006,99,1000,'0','0','For photographic flashlight apparatus','6'),
(2950,9006,99,9000,'0','0','Other','6'),
(2951,9007,10,0000,'0','0','Cameras','6'),
(2952,9007,20,1000,'0','0','For film of less than 16mm in width','6'),
(2953,9007,20,9000,'0','0','Other','6'),
(2954,9007,91,0000,'0','0','For cameras','6'),
(2955,9007,92,0000,'0','0','For projectors','6'),
(2956,9008,50,1000,'0','0','Microfilm, microfiche or other microform readers, whether or not capable of producing copies','6'),
(2957,9008,50,9000,'0','0','Other','6'),
(2958,9008,90,2000,'0','0','Of photographic (other than cinematographic) enlarges and reducers','6'),
(2959,9008,90,9000,'5.00%','0','Other','6'),
(2960,9010,10,0000,'0','0','Apparatus and equipment for automatically developing photographic (including cinematographic) film or paper in rolls or for automatically exposing developed film to rolls of photographic paper','6'),
(2961,9010,50,1000,'15.00%','0','Apparatus and equipment for automatically developing photographic (including cinematographic) film or paper in rolls or for automatically exposing developed film to rolls of photographic paper','6'),
(2962,9010,50,2000,'0','0','Apparatus and equipment for automatically developing photographic (including cinematographic) film or paper in rolls or for automatically exposing developed film to rolls of photographic paperCinematographic editing and titling equipment, negatoscopes for Xray, contact exposure unit used for preparation of film in colour separation process, automatic plate maker','6'),
(2963,9010,50,9000,'15.00%','0','Other','6'),
(2964,9010,60,1000,'0','0','Of 300 inches or more','6'),
(2965,9010,60,9000,'0','0','Other','6'),
(2966,9010,90,1000,'0','0','Of goods of subheading 9010.10 or 9010.60','6'),
(2967,9010,90,3000,'0','0','Parts and accessories of apparatus for the projection or drawing of circuit patterns on sensitised subtrates for the manufacture of printed circuit boards/printed wiring boards','6'),
(2968,9010,90,9000,'0','0','Other','6'),
(2969,9011,10,0000,'0','0','Stereoscopic microscopes','6'),
(2970,9011,20,0000,'0','0','Other microscope, for photomicrography, cinephotomicrography or microprojection','6'),
(2971,9011,80,0000,'0','0','Other microscopes','6'),
(2972,9011,90,0000,'0','0','Parts and accessories','6'),
(2973,9012,10,0000,'0','0','Microscopes other than optical microscope, diffraction apparatus','6'),
(2974,9012,90,0000,'0','0','Parts and accessories','6'),
(2975,9013,10,0000,'0','0','Telescopic sights for fitting to arms, periscopes, telescopes designed to form parts of machines, appliances, instruments or apparatus of this Chapter or Section XVI','6'),
(2976,9013,20,0000,'0','0','Lasers, other than laser diodes','6'),
(2977,9013,80,1000,'0','0','Optical error verification and repair apparatus for printed circuit boards/printed wiring boards and printed circuit assemblies','6'),
(2978,9013,80,2000,'0','0','Liquid crystal devices','6'),
(2979,9013,80,9000,'0','0','Other','6'),
(2980,9013,90,1000,'0','0','Of goods of subheading 9013.20','6'),
(2981,9013,90,5000,'0','0','Of goods of subheading 9013.80.20','6'),
(2982,9013,90,6000,'0','0','Of goods of subheading 9013.80.10','6'),
(2983,9013,90,9000,'0','0','Other','6'),
(2984,9014,10,0000,'0','0','Direction finding compasses','6'),
(2985,9014,20,0000,'0','0','Instruments and appliances for aeronautical or space navigation (other than compasses)','6'),
(2986,9014,80,1100,'0','0','Sonar or echo sounder','6'),
(2987,9014,80,1900,'0','0','Other','6'),
(2988,9014,80,9000,'0','0','Other','6'),
(2989,9014,90,1000,'0','0','Of instruments and apparatus, of a kind used on ships, working in conjunction with an automatic data processing machine','6'),
(2990,9014,90,9000,'0','0','Other','6'),
(2991,9015,10,1000,'0','0','Of a kind used in photography or cinematography','6'),
(2992,9015,10,9000,'5.00%','0','Other','6'),
(2993,9015,20,0000,'5.00%','0','Theodolites and tachymeters (tacheometers)','6'),
(2994,9015,30,0000,'5.00%','0','Levels','6'),
(2995,9015,40,0000,'5.00%','0','Phoogrammetrical surveying instruments and appliances','6'),
(2996,9015,80,1000,'5.00%','0','Radiosonde and radio wind apparatus','6'),
(2997,9015,80,9000,'5.00%','0','Other','6'),
(2998,9015,90,0000,'0','0','Parts and accessories','6'),
(2999,9016,00,0000,'0','0','Balances of a sensitivity of 5 cg or better, with or without weights','6'),
(3000,9017,10,1000,'5.00%','0','Plotters','6');

INSERT INTO intuglo.hs_code(hs_code_id,hs_code_header,hs_code_sub,hs_code_item,tax_import,tax_export,description,gst_percentage) VALUES 
(3001,9017,10,9000,'5.00%','0','Other','6'),
(3002,9017,20,1000,'0','0','Rulers','6'),
(3003,9017,20,3000,'0','0','Apparatus for the projection or drawing of circuit patterns on sensitised subtrates for the manufacture of printed circuit boards/printed wiring boards','6'),
(3004,9017,20,4000,'0','0','Photoplotters for the manufacture or printed circuit boards/printed wiring boards','6'),
(3005,9017,20,5000,'0','0','Other plotters','6'),
(3006,9017,20,9000,'0','0','Other','6'),
(3007,9017,30,0000,'0','0','Micrometers, callipers and gauges','6'),
(3008,9017,80,0000,'5.00%','0','Other instruments','6'),
(3009,9017,90,2000,'0','0','Parts and accessories of apparatus for the projection or drawing of circuit patterns on sensitised substrates for the manufactured of printed circuit boards/printed wiring boards','6'),
(3010,9017,90,3000,'0','0','Parts and accessories of photoplotters for the manufacture of printed circuit boards/printed wiring boards','6'),
(3011,9017,90,4000,'0','0','Parts and asccessories, including printed circuit assemblies, of other plotters','6'),
(3012,9017,90,9000,'0','0','Other','6'),
(3013,9018,11,0000,'0','0','Electrocardiographs','6'),
(3014,9018,12,0000,'0','0','Ultrasonic scanning apparatus','6'),
(3015,9018,13,0000,'0','0','Magnetic resonance imaging apparatus','6'),
(3016,9018,14,0000,'0','0','Scintigraphic apparatus','6'),
(3017,9018,19,0000,'0','0','Other','6'),
(3018,9018,20,0000,'0','0','Ultraviolet or infrared ray apparatus','6'),
(3019,9018,31,1000,'0','0','Disposable syringes','6'),
(3020,9018,31,9000,'0','0','Other','6'),
(3021,9018,32,0000,'0','0','Tubular metal needles and needles for sutures','6'),
(3022,9018,39,1000,'0','0','Catheters','6'),
(3023,9018,39,9000,'0','0','Other','6'),
(3024,9018,41,0000,'0','0','Dental drill engines, whether or not combined on a single base with other dental equipment','6'),
(3025,9018,49,0000,'0','0','Other','6'),
(3026,9018,50,0000,'0','0','Other ophthalmic instruments and appliances','6'),
(3027,9018,90,2000,'0','0','Intravenous administration sets','6'),
(3028,9018,90,3000,'0','0','Electronic instruments and appliances','6'),
(3029,9018,90,9000,'0','0','Other','6'),
(3030,9019,10,1000,'0','0','Electrically operated','6'),
(3031,9019,10,9000,'0','0','Other','6'),
(3032,9019,20,0000,'0','0','Ozone theraphy, oxygen therapy, artificial respiration or other therapeutic respiration apparatus','6'),
(3033,9020,00,0000,'0','0','Other breathing appliances and gas masks, excluding protective masks having neither mechanical parts nor replaceable filters.','6'),
(3034,9021,10,0000,'0','0','Orthopaedic or fracture appliances','6'),
(3035,9021,21,0000,'0','0','Artificial teeth','6'),
(3036,9021,29,0000,'0','0','Other','6'),
(3037,9021,31,0000,'0','0','Artificial joints','6'),
(3038,9021,39,0000,'0','0','Other','6'),
(3039,9021,40,0000,'0','0','Hearing aids, excluding parts and accessories','6'),
(3040,9021,50,0000,'0','0','Pacemakers for stimulating heart muscles, excluding parts and accessories','6'),
(3041,9021,90,0000,'0','0','Other','6'),
(3042,9022,12,0000,'0','0','Computed tomography apparatus','6'),
(3043,9022,13,0000,'0','0','Other, for dental uses','6'),
(3044,9022,14,0000,'0','0','Other, for medical, surgical or veterinary uses','6'),
(3045,9022,19,1000,'0','0','Xray apparatus for the physical inspection of solder joints on printed circuit board/printed wiring board assemblies','6'),
(3046,9022,19,9000,'0','0','Other','6'),
(3047,9022,21,0000,'0','0','For medical, surgical, dental or veterinary uses','6'),
(3048,9022,29,0000,'0','0','For other uses','6'),
(3049,9022,30,0000,'0','0','Xray tube','6'),
(3050,9022,90,1000,'0','0','Parts and accessories of Xray apparatus for the physical inspection of solder joints on printed circuit assemblies','6'),
(3051,9022,90,9000,'0','0','Other','6'),
(3052,9023,00,0000,'0','0','Instruments, apparatus and models, designed for demonstrational purposes (for example, in education or exhibitions), unsuitable for other uses.','6'),
(3053,9024,10,1000,'0','0','Electrically operated','6'),
(3054,9024,10,2000,'0','0','Not electrically operated','6'),
(3055,9024,80,1000,'0','0','Electrically operated','6'),
(3056,9024,80,2000,'0','0','Not electrically operated','6'),
(3057,9024,90,1000,'0','0','For electrically operated machines and appliances','6'),
(3058,9024,90,2000,'0','0','For nonelectrically operated machines and appliances','6'),
(3059,9025,11,0000,'0','0','Liquidfilled, for direct reading','6'),
(3060,9025,19,1100,'0','0','Temperature gauges for motor vehicles','6'),
(3061,9025,19,1900,'0','0','Other','6'),
(3062,9025,19,2000,'0','0','Not electrically operated','6'),
(3063,9025,80,2000,'0','0','Electrically operated','6'),
(3064,9025,80,3000,'0','0','Not electrically operated','6'),
(3065,9025,90,1000,'0','0','For electrically operated instruments','6'),
(3066,9025,90,2000,'0','0','For nonelectrically operated instruments','6'),
(3067,9026,10,1000,'0','0','Level gauges for motor vehicles, electrically operated','6'),
(3068,9026,10,2000,'0','0','Level gauges for motor vehicles, not electrically operated','6'),
(3069,9026,10,3000,'0','0','Other, electrically operated','6'),
(3070,9026,10,9000,'0','0','Other, not electrically operated','6'),
(3071,9026,20,1000,'0','0','Pressure gauges for motor vehicles, electrically operated','6'),
(3072,9026,20,2000,'0','0','Pressure gauges for motor vehicles, not electrically operated','6'),
(3073,9026,20,3000,'0','0','Other, electrically operated','6'),
(3074,9026,20,4000,'0','0','Other, not electrically operated','6'),
(3075,9026,80,1000,'0','0','Electrically operated','6'),
(3076,9026,80,2000,'0','0','Not electrically operated','6'),
(3077,9026,90,1000,'0','0','For electrically operated instruments and apparatus','6'),
(3078,9026,90,2000,'0','0','For nonelectrically operated instruments and apparatus','6'),
(3079,9027,10,1000,'0','0','Electrically operated','6'),
(3080,9027,10,2000,'0','0','Not electrically operated','6'),
(3081,9027,20,1000,'0','0','Electrically operated','6'),
(3082,9027,20,2000,'0','0','Not electrically operated','6'),
(3083,9027,30,1000,'0','0','Electrically operated','6'),
(3084,9027,30,2000,'0','0','Not electrically operated','6'),
(3085,9027,50,1000,'0','0','Electrically operated','6'),
(3086,9027,50,2000,'0','0','Not electrically operated','6'),
(3087,9027,80,1000,'0','0','Exposure meters','6'),
(3088,9027,80,3000,'0','0','Other, electrically operated','6'),
(3089,9027,80,4000,'0','0','Other, not electrically operated','6'),
(3090,9027,90,1000,'0','0','Parts and accessories, including printed circuit assemblies for products of heading 90.27, other than for gas or smoke analysis apparatus or microtomes','6'),
(3091,9027,90,9100,'0','0','Electrically operated','6'),
(3092,9027,90,9900,'0','0','Other','6'),
(3093,9028,10,1000,'0','0','Gas meters of a kind mounted on gas containers','6'),
(3094,9028,10,9000,'0','0','Other','6'),
(3095,9028,20,2000,'25.00%','0','Water meters','6'),
(3096,9028,20,9000,'0','0','Other','6'),
(3097,9028,30,1000,'0','0','Kilowatthour meters','6'),
(3098,9028,30,9000,'0','0','Other','6'),
(3099,9028,90,1000,'18.00%','0','Water meter housings or bodies','6'),
(3100,9028,90,9000,'0','0','Other','6'),
(3101,9029,10,2000,'0','0','Taximeters','6'),
(3102,9029,10,9000,'0','0','Other','6'),
(3103,9029,20,1000,'0','0','Speedometers for motor vehicles','6'),
(3104,9029,20,2000,'0','0','Tachometers for motor vehicles','6'),
(3105,9029,20,9000,'0','0','Other','6'),
(3106,9029,90,1000,'0','0','Of goods of subheading 9029.10, of stroboscopes of subheading 9029.20','6'),
(3107,9029,90,2000,'0','0','Of other goods of subheading 9029.20','6'),
(3108,9030,10,0000,'0','0','Instruments and apparatus for measuring or detecting ionising radiations','6'),
(3109,9030,20,0000,'0','0','Oscilloscopes and oscillographs','6'),
(3110,9030,31,0000,'0','0','Multimeters without a recording device','6'),
(3111,9030,32,0000,'0','0','Multimeters with a recording device','6'),
(3112,9030,33,1000,'0','0','Instruments and apparatus for measuring or checking voltage, current, resistance or power on printed circuit boards/printed wiring boards or printed circuits assemblies','6'),
(3113,9030,33,2000,'0','0','Impedancemeasuring instruments and apparatus designed to provide visual and/or audible warning of electrostatic discharge conditions that can damage electronic circuits, apparatus for testing electronic control equipment and electrostatic grounding devices/fixtures','6'),
(3114,9030,33,3000,'0','0','Ammeters and voltmeters for motor vehicles','6'),
(3115,9030,33,9000,'0','0','Other','6'),
(3116,9030,39,0000,'0','0','Other, with a recording device','6'),
(3117,9030,40,0000,'0','0','Other instruments and apparatus, specially designed for telecommunications (for example, crosstalk meters, gain measuring instruments, distortion factor meters, psophometers)','6'),
(3118,9030,82,1000,'0','0','Wafer probers','6'),
(3119,9030,82,9000,'0','0','Other','6'),
(3120,9030,84,1000,'0','0','Instruments and apparatus for measuring or checking electrical quantities on printed circuit boards/printed wiring boards and printed circuit assemblies','6'),
(3121,9030,84,9000,'0','0','Other','6'),
(3122,9030,89,1000,'0','0','Instruments and apparatus, without a recording device, for measuring or checking electrical quantities on printed circuit boards/printed wiring boards and printed circuit assembliies, other than those covered within subheading 9030.39','6'),
(3123,9030,89,9000,'0','0','Other','6'),
(3124,9030,90,1000,'0','0','Parts and accessories (including printed circuit assemblies) of goods of subheading 9030.40 or 9030.82','6'),
(3125,9030,90,3000,'0','0','Parts and accessories of optical instruments and appliances for measuring or checking printed circuit boards/printed wiring boards and printed circuit assemblies','6'),
(3126,9030,90,4000,'0','0','Parts and accessories of other instruments and apparatus for measuring or checking electrical quantities on printed circuit boards/printed wiring circuit assemblies','6'),
(3127,9030,90,9000,'0','0','Other','6'),
(3128,9031,10,1000,'0','0','Electrically operated','6'),
(3129,9031,10,2000,'0','0','Not electrically operated','6'),
(3130,9031,20,1000,'0','0','Electrically operated','6'),
(3131,9031,20,2000,'0','0','Not electrically operated','6'),
(3132,9031,41,0000,'0','0','For inspecting semiconductor wafers or devices or for inspecting photomasks or reticles used in manufacturing semiconductor devices','6'),
(3133,9031,49,1000,'0','0','Optical instruments and appliances for measuring surface particulate contamination on semiconductor wafers','6'),
(3134,9031,49,2000,'0','0','Optical error verfication and repair apparatus for printed circuit boards/printed wiring boards anfd printed circuit assemblies','6'),
(3135,9031,49,3000,'0','0','Other optical instruments and appliances for measuring or checking printed circuit boards/printed wiring boards and printed circuit assemblies','6'),
(3136,9031,49,9000,'0','0','Other','6'),
(3137,9031,80,1000,'0','0','Cable testers','6'),
(3138,9031,80,9000,'0','0','Other','6'),
(3139,9031,90,1100,'0','0','Parts and accessories including printed circuit assemblies of optical instruments and appliances for inspecting semiconductor wafers or devices or for inspecting semiconductor wafers or devices or for inspecting masks, photomasks or reticles used in manufacturing semiconductor devices, parts and accessories of optical instruments and appliances for measuring surface particulate contamination on semiconductor wafers','6'),
(3140,9031,90,1200,'0','0','Of optical error verification and repair apparatus for printed circuit boards/printed wiring boards and printed circuit assemblies','6'),
(3141,9031,90,1300,'0','0','of other optical instruments and appliances for measuring or checking printed circuit boards/printed wiring boards and printed circuit assemblies','6'),
(3142,9031,90,1900,'0','0','Other','6'),
(3143,9031,90,2000,'0','0','For nonelectrically operated equipment','6'),
(3144,9032,10,1000,'0','0','Electrically operated','6'),
(3145,9032,10,2000,'0','0','Not electrically operated','6'),
(3146,9032,20,1000,'0','0','Electrically operated','6'),
(3147,9032,20,2000,'0','0','Not electrically operated','6'),
(3148,9032,81,0000,'0','0','Hydraulic or pneumatic','6'),
(3149,9032,89,1000,'0','0','Instruments and apparatus incorporating or working in conjunction with an automatic data processing machine, for automatically regulating or controlling the propulsion, ballast or cargo handling systems or ships','6'),
(3150,9032,89,2000,'0','0','Automatic instruments and apparatus for regulating or controlling chemical or electromechanical solutions in the manufacture of printed circuit boards/printed wiring boards or printed circuit assemblies','6'),
(3151,9032,89,3100,'0','0','Automatic regulation voltage units (stabilisers)','6'),
(3152,9032,89,3900,'0','0','Other','6'),
(3153,9032,89,9000,'0','0','Other','6'),
(3154,9032,90,1000,'0','0','Of goods of subheading 9032.89.10','6'),
(3155,9032,90,2000,'0','0','Of goods of subheading 9032.89.20','6'),
(3156,9032,90,3000,'0','0','Of other electrically operated goods','6'),
(3157,9032,90,9000,'0','0','Other','6'),
(3158,9033,00,1000,'0','0','For electrically operated equipment','6'),
(3159,9033,00,2000,'0','0','For nonelectrically operated equipment','6');




# Data population for routes
INSERT INTO intuglo.routes (`port_id_from`,`port_id_to`,`route_id`) VALUES 
(7,4,2),
(1,3,3),
(1,5,4),
(6,2,5);

# Data population for vessel
INSERT INTO intuglo.vessel (`vessel_id`,`vessel_no`,`route_id`,`etd`,`eta`,`vessel_name`) VALUES 
(1,11111,2,'2018-07-01','2018-07-12','SierraLarvitar'),
(2,11112,3,'2018-07-11','2018-07-13','KarudaServices'),
(3,1113,4,'2018-07-14','2018-07-16','Siniotanic'),
(4,1114,5,'2018-07-22','2018-07-29','SnorlaxVessels');

# Data population for quotations
INSERT INTO intuglo.ship_quotations (`quotation_id`, `shipment_type_id`, `cargo_transit_duration`, `departure_date`, `arrival_date`, `number_of_transit_ports`, `container_box_size`, `port_id_from`, `port_id_to`,`incoterm_code`, `shipper_type`, `supplier_login_id`, `custom_agent_id`, `vessel`, `container_box_count`, `air_space_size`, `air_space_count`, `part_a`, `part_b`, `container_types`, `halal_consolidation`, `halal_unstuffing`, `unstuffing`, `consolidation`, `quotation_status`, `quote_ref_no`, `hs_code_id`, `file_name`,`vessel_id`) VALUES
('0618_MLAGPEC00002S_AU000004MY_DAP',1,156,'2018-06-28','2018-08-18',1,500.00,7,4,'DAP','I',2,1,'SeiraLavitar ',2,0.00,0,'12345','23456',1,'','','','','ACTIVE','SEASF@8975',9,'test.txt',1),
('0618_MLAGPEC00002S_MY000001CH_FOB',1,156,'2018-06-29','2018-08-10',5,100.00,1,3,'FOB','I',2,1,'Pavilion Leeara ',5,0.00,0,'12345','23456',1,'','','','','ACTIVE','FLIGHT8975',9,NULL,2),
('0618_MLAGPEC00002S_MY000002CH_FOB',1,200,'2018-06-30','2018-08-15',3,200.00,1,3,'FOB','I',2,1,'Pavilion Leeara ',3,0.00,0,'12345','23456',2,'','','','','APPROVED','FLIGHT9000',9,NULL,2),
('0618_MLAGPEC00002S_MY000003US_FOB',1,163,'2018-06-30','2018-08-17',1,150.00,1,5,'FOB','I',2,1,'Siniotanic ',9,0.00,0,'12345','23456',1,'','','','','ACTIVE','FLIGHT7489',5,NULL,3),
('0618_MLAGPEC00002S_MY000010US_FOB',1,163,'2018-07-10','2018-08-17',1,150.00,1,5,'FOB','I',2,1,'Siniotanic ',11,0.00,0,'12345','23456',1,'','','','','ACTIVE','FLIGHT7489',5,NULL,3),
('0618_MLAGPEC00002S_MY000011US_FOB',1,163,'2018-07-17','2018-08-24',1,150.00,1,5,'FOB','I',2,1,'Siniotanic ',10,0.00,0,'12345','23456',1,'','','','','ACTIVE','FLIGHT7489',5,NULL,3),
('0618_MLAGPEC00002S_MY000012US_FOB',1,163,'2018-07-24','2018-08-31',1,150.00,1,5,'FOB','I',2,1,'Siniotanic ',8,0.00,0,'12345','23456',2,'','','','','ACTIVE','FLIGHT7489',5,NULL,3),
('0618_MLAGPEC00002S_MY000013US_FOB',1,163,'2018-06-30','2018-08-07',1,150.00,1,5,'FOB','I',2,1,'Siniotanic ',8,0.00,0,'12345','23456',2,'','','','','ACTIVE','FLIGHT7489',5,NULL,3),
('0618_MLAGPEC00002S_MY000014US_FOB',1,163,'2018-07-10','2018-08-20',1,150.00,1,5,'FOB','I',2,1,'Siniotanic ',9,0.00,0,'12345','23456',2,'','','','','ACTIVE','FLIGHT7489',5,NULL,3),
('0618_MLAGPEC00002S_MY000015CH_FOB',1,156,'2018-06-29','2018-07-06',5,100.00,1,3,'FOB','I',2,1,'Pavilion Leeara ',10,0.00,0,'12345','23456',1,'','','','','ACTIVE','FLIGHT8975',9,NULL,2),
('0618_MLAGPEC00002S_MY000016CH_FOB',1,156,'2018-07-06','2018-07-13',5,100.00,1,3,'FOB','I',2,1,'Pavilion Leeara ',8,0.00,0,'12345','23456',1,'','','','','ACTIVE','FLIGHT8975',9,NULL,2),
('0618_MLAGPEC00002S_MY000017CH_FOB',1,156,'2018-07-13','2018-07-20',5,100.00,1,3,'FOB','I',2,1,'Pavilion Leeara ',11,0.00,0,'12345','23456',1,'','','','','ACTIVE','FLIGHT8975',9,NULL,2),
('0618_MLAGPEC00002S_MY000020CH_FOB',1,156,'2018-07-20','2018-08-10',5,100.00,1,3,'FOB','I',2,1,'Pavilion Leeara ',13,0.00,0,'12345','23456',1,'','','','','ACTIVE','FLIGHT8975',9,NULL,2),
('0618_MLAGPEC00002S_US000005CN_DDP',1,20,'2018-06-27','2018-08-17',0,1250.00,6,2,'DDP','I',2,1,'Snorlax Vessels ',6,0.00,0,'12345','23456',2,'','','','','APPROVED','SYQ8975ERQ',5,NULL,4),
('0618_MLAGPEC00002S_US000021CN_DDP',1,20,'2018-06-27','2018-07-17',0,1250.00,6,2,'DDP','I',2,1,'Snorlax Vessels ',10,0.00,0,'12345','23456',1,'','','','','ACTIVE','SYQ8975ERQ',5,NULL,4),
('0618_MLAGPEC00002S_US000022CN_DDP',1,20,'2018-07-17','2018-07-31',0,1250.00,6,2,'DDP','I',2,1,'Snorlax Vessels ',10,0.00,0,'12345','23456',1,'','','','','ACTIVE','SYQ8975ERQ',5,NULL,4),
('0618_MLAGPEC00002S_US000023CN_DDP',1,20,'2018-07-31','2018-08-21',0,1250.00,6,2,'DDP','I',2,1,'Snorlax Vessels ',10,0.00,0,'12345','23456',2,'','','','','ACTIVE','SYQ8975ERQ',5,NULL,4),
('0618_MLAGPEC00002S_US000024CN_DDP',1,20,'2018-08-21','2018-09-04',0,1250.00,6,2,'DDP','I',2,1,'Snorlax Vessels ',10,0.00,0,'12345','23456',2,'','','','','ACTIVE','SYQ8975ERQ',5,NULL,4),
('0718_MLAGPEC00002S_AU000006MY_DAP',1,156,'2018-06-24','2018-07-08',1,500.00,7,4,'DAP','I',2,1,'SeiraLavitar ',10,0.00,0,'12345','23456',3,'','','','','ACTIVE','SEASF@8975',9,NULL,1),
('0718_MLAGPEC00002S_AU000007MY_DAP',1,156,'2018-07-29','2018-08-05',1,500.00,7,4,'DAP','I',2,1,'SeiraLavitar ',6,0.00,0,'12345','23456',1,'','','','','ACTIVE','SEASF@8975',9,NULL,1),
('0718_MLAGPEC00002S_AU000008MY_DAP',1,156,'2018-08-05','2018-08-18',1,500.00,7,4,'DAP','I',2,1,'SeiraLavitar ',7,0.00,0,'12345','23456',1,'','','','','ACTIVE','SEASF@8975',9,NULL,1),
('0718_MLAGPEC00002S_AU000009MY_DAP',1,156,'2018-08-18','2018-08-25',1,500.00,7,4,'DAP','I',2,1,'SeiraLavitar ',10,0.00,0,'12345','23456',1,'','','','','ACTIVE','SEASF@8975',9,NULL,1);

# Data population for hs_code_set
INSERT INTO `intuglo`.`hs_code_set` (`hs_code_set`) VALUES ('HS1');
INSERT INTO `intuglo`.`hs_code_set` (`hs_code_set`) VALUES ('HS2');
INSERT INTO `intuglo`.`hs_code_set` (`hs_code_set`) VALUES ('HS3');
INSERT INTO `intuglo`.`hs_code_set` (`hs_code_set`) VALUES ('HS4');
INSERT INTO `intuglo`.`hs_code_set` (`hs_code_set`) VALUES ('HS5');
INSERT INTO `intuglo`.`hs_code_set` (`hs_code_set`) VALUES ('HS6');
INSERT INTO `intuglo`.`hs_code_set` (`hs_code_set`) VALUES ('HS7');
INSERT INTO `intuglo`.`hs_code_set` (`hs_code_set`) VALUES ('HS8');
INSERT INTO `intuglo`.`hs_code_set` (`hs_code_set`) VALUES ('HS9');
INSERT INTO `intuglo`.`hs_code_set` (`hs_code_set`) VALUES ('HS10');
INSERT INTO `intuglo`.`hs_code_set` (`hs_code_set`) VALUES ('HSX');

# Data population for containers
INSERT INTO intuglo.ship_containers (`container_id`, `container_no`, `quotation_id`, `total_cbm`, `remaining_cbm`, `halal_status`, `number_people_sharing`, `percentage_full`) VALUES
(1, 0, '0618_MLAGPEC00002S_MY000001CH_FOB', 100, 50, 'H', 1, '9.99'),
(2, 0, '0618_MLAGPEC00002S_MY000001CH_FOB', 100, 100, 'H', 0, '0.00'),
(3, 0, '0618_MLAGPEC00002S_MY000001CH_FOB', 100, 100, 'H', 0, '0.00'),
(4, 0, '0618_MLAGPEC00002S_MY000001CH_FOB', 100, 100, 'H', 0, '0.00'),
(5, 0, '0618_MLAGPEC00002S_MY000001CH_FOB', 100, 100, 'H', 0, '0.00'),
(6, 0, '0618_MLAGPEC00002S_MY000003US_FOB', 150, 150, 'H', 0, '0.00'),
(7, 0, '0618_MLAGPEC00002S_MY000003US_FOB', 150, 150, 'H', 0, '0.00'),
(8, 0, '0618_MLAGPEC00002S_MY000003US_FOB', 150, 150, 'H', 0, '0.00'),
(9, 0, '0618_MLAGPEC00002S_AU000004MY_DAP', 500, 500, 'H', 0, '0.00'),
(10, 0, '0618_MLAGPEC00002S_AU000004MY_DAP', 500, 500, 'N', 0, '0.00'),
(11, 0, '0618_MLAGPEC00002S_MY000003US_FOB', 150, 150, 'H', 0, '0.00'),
(12, 0, '0618_MLAGPEC00002S_MY000003US_FOB', 150, 150, 'H', 0, '0.00'),
(13, 0, '0618_MLAGPEC00002S_MY000003US_FOB', 150, 150, 'H', 0, '0.00'),
(14, 0, '0618_MLAGPEC00002S_MY000003US_FOB', 150, 150, 'N', 0, '0.00'),
(15, 0, '0618_MLAGPEC00002S_MY000003US_FOB', 150, 150, 'N', 0, '0.00'),
(16, 0, '0618_MLAGPEC00002S_MY000010US_FOB', 150, 150, 'H', 0, '0.00'),
(17, 0, '0618_MLAGPEC00002S_MY000010US_FOB', 150, 150, 'H', 0, '0.00'),
(18, 0, '0618_MLAGPEC00002S_MY000010US_FOB', 150, 150, 'H', 0, '0.00'),
(19, 0, '0618_MLAGPEC00002S_MY000010US_FOB', 150, 150, 'H', 0, '0.00'),
(20, 0, '0618_MLAGPEC00002S_MY000010US_FOB', 150, 150, 'H', 0, '0.00'),
(21, 0, '0618_MLAGPEC00002S_MY000010US_FOB', 150, 150, 'H', 0, '0.00'),
(22, 0, '0618_MLAGPEC00002S_MY000010US_FOB', 150, 150, 'N', 0, '0.00'),
(23, 0, '0618_MLAGPEC00002S_MY000010US_FOB', 150, 150, 'N', 0, '0.00'),
(24, 0, '0618_MLAGPEC00002S_MY000010US_FOB', 150, 150, 'N', 0, '0.00'),
(25, 0, '0618_MLAGPEC00002S_MY000010US_FOB', 150, 150, 'N', 0, '0.00'),
(26, 0, '0618_MLAGPEC00002S_MY000010US_FOB', 150, 150, 'N', 0, '0.00'),
(27, 0, '0618_MLAGPEC00002S_MY000010US_FOB', 150, 150, 'N', 0, '0.00'),
(28, 0, '0618_MLAGPEC00002S_MY000010US_FOB', 150, 150, 'N', 0, '0.00'),
(29, 0, '0618_MLAGPEC00002S_MY000011US_FOB', 150, 150, 'H', 0, '0.00'),
(30, 0, '0618_MLAGPEC00002S_MY000011US_FOB', 150, 150, 'H', 0, '0.00'),
(31, 0, '0618_MLAGPEC00002S_MY000011US_FOB', 150, 150, 'H', 0, '0.00'),
(32, 0, '0618_MLAGPEC00002S_MY000011US_FOB', 150, 150, 'H', 0, '0.00'),
(33, 0, '0618_MLAGPEC00002S_MY000011US_FOB', 150, 150, 'H', 0, '0.00'),
(34, 0, '0618_MLAGPEC00002S_MY000011US_FOB', 150, 150, 'H', 0, '0.00'),
(35, 0, '0618_MLAGPEC00002S_MY000011US_FOB', 150, 150, 'N', 0, '0.00'),
(36, 0, '0618_MLAGPEC00002S_MY000011US_FOB', 150, 150, 'N', 0, '0.00'),
(37, 0, '0618_MLAGPEC00002S_MY000011US_FOB', 150, 150, 'N', 0, '0.00'),
(38, 0, '0618_MLAGPEC00002S_MY000011US_FOB', 150, 150, 'N', 0, '0.00'),
(39, 0, '0618_MLAGPEC00002S_MY000011US_FOB', 150, 150, 'N', 0, '0.00'),
(40, 0, '0618_MLAGPEC00002S_MY000012US_FOB', 150, 150, 'H', 0, '0.00'),
(41, 0, '0618_MLAGPEC00002S_MY000012US_FOB', 150, 150, 'H', 0, '0.00'),
(42, 0, '0618_MLAGPEC00002S_MY000012US_FOB', 150, 150, 'H', 0, '0.00'),
(43, 0, '0618_MLAGPEC00002S_MY000012US_FOB', 150, 150, 'H', 0, '0.00'),
(44, 0, '0618_MLAGPEC00002S_MY000012US_FOB', 150, 150, 'N', 0, '0.00'),
(45, 0, '0618_MLAGPEC00002S_MY000012US_FOB', 150, 150, 'N', 0, '0.00'),
(46, 0, '0618_MLAGPEC00002S_MY000012US_FOB', 150, 150, 'N', 0, '0.00'),
(47, 0, '0618_MLAGPEC00002S_MY000012US_FOB', 150, 150, 'N', 0, '0.00'),
(48, 0, '0618_MLAGPEC00002S_MY000013US_FOB', 150, 150, 'H', 0, '0.00'),
(49, 0, '0618_MLAGPEC00002S_MY000013US_FOB', 150, 150, 'H', 0, '0.00'),
(50, 0, '0618_MLAGPEC00002S_MY000013US_FOB', 150, 150, 'H', 0, '0.00'),
(51, 0, '0618_MLAGPEC00002S_MY000013US_FOB', 150, 150, 'H', 0, '0.00'),
(52, 0, '0618_MLAGPEC00002S_MY000013US_FOB', 150, 150, 'N', 0, '0.00'),
(53, 0, '0618_MLAGPEC00002S_MY000013US_FOB', 150, 150, 'N', 0, '0.00'),
(54, 0, '0618_MLAGPEC00002S_MY000013US_FOB', 150, 150, 'N', 0, '0.00'),
(55, 0, '0618_MLAGPEC00002S_MY000013US_FOB', 150, 150, 'N', 0, '0.00'),
(56, 0, '0618_MLAGPEC00002S_MY000014US_FOB', 150, 150, 'H', 0, '0.00'),
(57, 0, '0618_MLAGPEC00002S_MY000014US_FOB', 150, 150, 'H', 0, '0.00'),
(58, 0, '0618_MLAGPEC00002S_MY000014US_FOB', 150, 150, 'H', 0, '0.00'),
(59, 0, '0618_MLAGPEC00002S_MY000014US_FOB', 150, 150, 'H', 0, '0.00'),
(60, 0, '0618_MLAGPEC00002S_MY000014US_FOB', 150, 150, 'H', 0, '0.00'),
(61, 0, '0618_MLAGPEC00002S_MY000014US_FOB', 150, 150, 'N', 0, '0.00'),
(62, 0, '0618_MLAGPEC00002S_MY000014US_FOB', 150, 150, 'N', 0, '0.00'),
(63, 0, '0618_MLAGPEC00002S_MY000014US_FOB', 150, 150, 'N', 0, '0.00'),
(64, 0, '0618_MLAGPEC00002S_MY000014US_FOB', 150, 150, 'N', 0, '0.00'),
(65, 0, '0618_MLAGPEC00002S_MY000015CH_FOB', 100, 100, 'H', 0, '0.00'),
(66, 0, '0618_MLAGPEC00002S_MY000015CH_FOB', 100, 100, 'H', 0, '0.00'),
(67, 0, '0618_MLAGPEC00002S_MY000015CH_FOB', 100, 100, 'H', 0, '0.00'),
(68, 0, '0618_MLAGPEC00002S_MY000015CH_FOB', 100, 100, 'H', 0, '0.00'),
(69, 0, '0618_MLAGPEC00002S_MY000015CH_FOB', 100, 100, 'H', 0, '0.00'),
(70, 0, '0618_MLAGPEC00002S_MY000015CH_FOB', 100, 100, 'N', 0, '0.00'),
(71, 0, '0618_MLAGPEC00002S_MY000015CH_FOB', 100, 100, 'N', 0, '0.00'),
(72, 0, '0618_MLAGPEC00002S_MY000015CH_FOB', 100, 100, 'N', 0, '0.00'),
(73, 0, '0618_MLAGPEC00002S_MY000015CH_FOB', 100, 100, 'N', 0, '0.00'),
(74, 0, '0618_MLAGPEC00002S_MY000015CH_FOB', 100, 100, 'N', 0, '0.00'),
(75, 0, '0618_MLAGPEC00002S_MY000016CH_FOB', 100, 100, 'H', 0, '0.00'),
(76, 0, '0618_MLAGPEC00002S_MY000016CH_FOB', 100, 100, 'H', 0, '0.00'),
(77, 0, '0618_MLAGPEC00002S_MY000016CH_FOB', 100, 100, 'H', 0, '0.00'),
(78, 0, '0618_MLAGPEC00002S_MY000016CH_FOB', 100, 100, 'N', 0, '0.00'),
(79, 0, '0618_MLAGPEC00002S_MY000016CH_FOB', 100, 100, 'N', 0, '0.00'),
(80, 0, '0618_MLAGPEC00002S_MY000016CH_FOB', 100, 100, 'N', 0, '0.00'),
(81, 0, '0618_MLAGPEC00002S_MY000016CH_FOB', 100, 100, 'N', 0, '0.00'),
(82, 0, '0618_MLAGPEC00002S_MY000016CH_FOB', 100, 100, 'N', 0, '0.00'),
(83, 0, '0618_MLAGPEC00002S_MY000017CH_FOB', 100, 100, 'H', 0, '0.00'),
(84, 0, '0618_MLAGPEC00002S_MY000017CH_FOB', 100, 100, 'H', 0, '0.00'),
(85, 0, '0618_MLAGPEC00002S_MY000017CH_FOB', 100, 100, 'H', 0, '0.00'),
(86, 0, '0618_MLAGPEC00002S_MY000017CH_FOB', 100, 100, 'H', 0, '0.00'),
(87, 0, '0618_MLAGPEC00002S_MY000017CH_FOB', 100, 100, 'H', 0, '0.00'),
(88, 0, '0618_MLAGPEC00002S_MY000017CH_FOB', 100, 100, 'N', 0, '0.00'),
(89, 0, '0618_MLAGPEC00002S_MY000017CH_FOB', 100, 100, 'N', 0, '0.00'),
(90, 0, '0618_MLAGPEC00002S_MY000017CH_FOB', 100, 100, 'N', 0, '0.00'),
(91, 0, '0618_MLAGPEC00002S_MY000017CH_FOB', 100, 100, 'N', 0, '0.00'),
(92, 0, '0618_MLAGPEC00002S_MY000017CH_FOB', 100, 100, 'N', 0, '0.00'),
(93, 0, '0618_MLAGPEC00002S_MY000017CH_FOB', 100, 100, 'N', 0, '0.00'),
(94 , 0, '0618_MLAGPEC00002S_MY000020CH_FOB', 100, 100, 'N', 0, '0.009'),
(95 , 0, '0618_MLAGPEC00002S_MY000020CH_FOB', 100, 100, 'N', 0, '0.009'),
(96 , 0, '0618_MLAGPEC00002S_MY000020CH_FOB', 100, 100, 'N', 0, '0.00'),
(97 , 0, '0618_MLAGPEC00002S_MY000020CH_FOB', 100, 100, 'N', 0, '0.00'),
(98 , 0, '0618_MLAGPEC00002S_MY000020CH_FOB', 100, 100, 'N', 0, '0.00'),
(99 , 0, '0618_MLAGPEC00002S_MY000020CH_FOB', 100, 100, 'N', 0, '0.00'),
(100, 0, '0618_MLAGPEC00002S_MY000020CH_FOB', 100, 100, 'H', 0, '0.00'),
(101, 0, '0618_MLAGPEC00002S_MY000020CH_FOB', 100, 100, 'H', 0, '0.00'),
(102, 0, '0618_MLAGPEC00002S_MY000020CH_FOB', 100, 100, 'H', 0, '0.00'),
(103, 0, '0618_MLAGPEC00002S_MY000020CH_FOB', 100, 100, 'H', 0, '0.00'),
(104, 0, '0618_MLAGPEC00002S_MY000020CH_FOB', 100, 100, 'H', 0, '0.00'),
(105, 0, '0618_MLAGPEC00002S_MY000020CH_FOB', 100, 100, 'H', 0, '0.00'),
(106, 0, '0618_MLAGPEC00002S_MY000020CH_FOB', 100, 100, 'H', 0, '0.00'),
(107 , 0, '0718_MLAGPEC00002S_AU000006MY_DAP', 500, 500, 'H', 0, '0.00'),
(108 , 0, '0718_MLAGPEC00002S_AU000006MY_DAP', 500, 500, 'H', 0, '0.00'),
(109 , 0, '0718_MLAGPEC00002S_AU000006MY_DAP', 500, 500, 'H', 0, '0.00'),
(110, 0, '0718_MLAGPEC00002S_AU000006MY_DAP', 500, 500, 'H', 0, '0.00'),
(111, 0, '0718_MLAGPEC00002S_AU000006MY_DAP', 500, 500, 'H', 0, '0.00'),
(112, 0, '0718_MLAGPEC00002S_AU000006MY_DAP', 500, 500, 'U', 0, '0.00'),
(113, 0, '0718_MLAGPEC00002S_AU000006MY_DAP', 500, 500, 'U', 0, '0.00'),
(114, 0, '0718_MLAGPEC00002S_AU000006MY_DAP', 500, 500, 'U', 0, '0.00'),
(115, 0, '0718_MLAGPEC00002S_AU000006MY_DAP', 500, 500, 'H', 0, '0.00'),
(116, 0, '0718_MLAGPEC00002S_AU000006MY_DAP', 500, 500, 'H', 0, '0.00'),
(117, 0, '0718_MLAGPEC00002S_AU000007MY_DAP', 500, 500, 'H', 0, '0.00'),
(118, 0, '0718_MLAGPEC00002S_AU000007MY_DAP', 500, 500, 'H', 0, '0.00'),
(119, 0, '0718_MLAGPEC00002S_AU000007MY_DAP', 500, 500, 'H', 0, '0.00'),
(120, 0, '0718_MLAGPEC00002S_AU000007MY_DAP', 500, 500, 'N', 0, '0.00'),
(121, 0, '0718_MLAGPEC00002S_AU000007MY_DAP', 500, 500, 'N', 0, '0.00'),
(122, 0, '0718_MLAGPEC00002S_AU000007MY_DAP', 500, 500, 'N', 0, '0.00'),
(123, 0, '0718_MLAGPEC00002S_AU000008MY_DAP', 500, 500, 'N', 0, '0.00'),
(124, 0, '0718_MLAGPEC00002S_AU000008MY_DAP', 500, 500, 'N', 0, '0.00'),
(125, 0, '0718_MLAGPEC00002S_AU000008MY_DAP', 500, 500, 'U', 0, '0.00'),
(126, 0, '0718_MLAGPEC00002S_AU000008MY_DAP', 500, 500, 'H', 0, '0.00'),
(127, 0, '0718_MLAGPEC00002S_AU000008MY_DAP', 500, 500, 'H', 0, '0.00'),
(128, 0, '0718_MLAGPEC00002S_AU000008MY_DAP', 500, 500, 'H', 0, '0.00'),
(129, 0, '0718_MLAGPEC00002S_AU000008MY_DAP', 500, 500, 'H', 0, '0.00'),
(130, 0, '0718_MLAGPEC00002S_AU000009MY_DAP', 500, 500, 'H', 0, '0.00'),
(131, 0, '0718_MLAGPEC00002S_AU000009MY_DAP', 500, 500, 'H', 0, '0.00'),
(132, 0, '0718_MLAGPEC00002S_AU000009MY_DAP', 500, 500, 'H', 0, '0.00'),
(133, 0, '0718_MLAGPEC00002S_AU000009MY_DAP', 500, 500, 'H', 0, '0.00'),
(134, 0, '0718_MLAGPEC00002S_AU000009MY_DAP', 500, 500, 'H', 0, '0.00'),
(135, 0, '0718_MLAGPEC00002S_AU000009MY_DAP', 500, 500, 'N', 0, '0.00'),
(136, 0, '0718_MLAGPEC00002S_AU000009MY_DAP', 500, 500, 'N', 0, '0.00'),
(137, 0, '0718_MLAGPEC00002S_AU000009MY_DAP', 500, 500, 'N', 0, '0.00'),
(138, 0, '0718_MLAGPEC00002S_AU000009MY_DAP', 500, 500, 'N', 0, '0.00'),
(139, 0, '0718_MLAGPEC00002S_AU000009MY_DAP', 500, 500, 'N', 0, '0.00'),
(140, 0, '0618_MLAGPEC00002S_US000024CN_DDP', 1250, 1250, 'H', 0, '0.00'),
(141, 0, '0618_MLAGPEC00002S_US000024CN_DDP', 1250, 1250, 'H', 0, '0.00'),
(142, 0, '0618_MLAGPEC00002S_US000024CN_DDP', 1250, 1250, 'H', 0, '0.00'),
(143, 0, '0618_MLAGPEC00002S_US000024CN_DDP', 1250, 1250, 'H', 0, '0.00'),
(144, 0, '0618_MLAGPEC00002S_US000024CN_DDP', 1250, 1250, 'H', 0, '0.00'),
(145, 0, '0618_MLAGPEC00002S_US000024CN_DDP', 1250, 1250, 'H', 0, '0.00'),
(146, 0, '0618_MLAGPEC00002S_US000024CN_DDP', 1250, 1250, 'N', 0, '0.00'),
(147, 0, '0618_MLAGPEC00002S_US000024CN_DDP', 1250, 1250, 'N', 0, '0.00'),
(148, 0, '0618_MLAGPEC00002S_US000024CN_DDP', 1250, 1250, 'N', 0, '0.00'),
(149, 0, '0618_MLAGPEC00002S_US000024CN_DDP', 1250, 1250, 'N', 0, '0.00'),
(150, 0, '0618_MLAGPEC00002S_US000021CN_DDP', 1250, 1250, 'N', 0, '0.00'),
(151, 0, '0618_MLAGPEC00002S_US000021CN_DDP', 1250, 1250, 'N', 0, '0.00'),
(152, 0, '0618_MLAGPEC00002S_US000021CN_DDP', 1250, 1250, 'N', 0, '0.00'),
(153, 0, '0618_MLAGPEC00002S_US000021CN_DDP', 1250, 1250, 'N', 0, '0.00'),
(154, 0, '0618_MLAGPEC00002S_US000021CN_DDP', 1250, 1250, 'H', 0, '0.00'),
(155, 0, '0618_MLAGPEC00002S_US000021CN_DDP', 1250, 1250, 'H', 0, '0.00'),
(156, 0, '0618_MLAGPEC00002S_US000021CN_DDP', 1250, 1250, 'H', 0, '0.00'),
(157, 0, '0618_MLAGPEC00002S_US000021CN_DDP', 1250, 1250, 'H', 0, '0.00'),
(158, 0, '0618_MLAGPEC00002S_US000021CN_DDP', 1250, 1250, 'H', 0, '0.00'),
(159, 0, '0618_MLAGPEC00002S_US000021CN_DDP', 1250, 1250, 'H', 0, '0.00'),
(160, 0, '0618_MLAGPEC00002S_US000022CN_DDP', 1250, 1250, 'N', 0, '0.00'),
(161, 0, '0618_MLAGPEC00002S_US000022CN_DDP', 1250, 1250, 'H', 0, '0.00'),
(162, 0, '0618_MLAGPEC00002S_US000022CN_DDP', 1250, 1250, 'N', 0, '0.00'),
(163, 0, '0618_MLAGPEC00002S_US000022CN_DDP', 1250, 1250, 'H', 0, '0.00'),
(164, 0, '0618_MLAGPEC00002S_US000022CN_DDP', 1250, 1250, 'N', 0, '0.00'),
(165, 0, '0618_MLAGPEC00002S_US000022CN_DDP', 1250, 1250, 'H', 0, '0.00'),
(166, 0, '0618_MLAGPEC00002S_US000022CN_DDP', 1250, 1250, 'N', 0, '0.00'),
(167, 0, '0618_MLAGPEC00002S_US000022CN_DDP', 1250, 1250, 'H', 0, '0.00'),
(168, 0, '0618_MLAGPEC00002S_US000022CN_DDP', 1250, 1250, 'N', 0, '0.00'),
(169, 0, '0618_MLAGPEC00002S_US000022CN_DDP', 1250, 1250, 'H', 0, '0.00'),
(170, 0, '0618_MLAGPEC00002S_US000023CN_DDP', 1250, 1250, 'N', 0, '0.00'),
(171, 0, '0618_MLAGPEC00002S_US000023CN_DDP', 1250, 1250, 'H', 0, '0.00'),
(172, 0, '0618_MLAGPEC00002S_US000023CN_DDP', 1250, 1250, 'N', 0, '0.00'),
(173, 0, '0618_MLAGPEC00002S_US000023CN_DDP', 1250, 1250, 'H', 0, '0.00'),
(174, 0, '0618_MLAGPEC00002S_US000023CN_DDP', 1250, 1250, 'N', 0, '0.00'),
(175, 0, '0618_MLAGPEC00002S_US000023CN_DDP', 1250, 1250, 'H', 0, '0.00'),
(176, 0, '0618_MLAGPEC00002S_US000023CN_DDP', 1250, 1250, 'N', 0, '0.00'),
(177, 0, '0618_MLAGPEC00002S_US000023CN_DDP', 1250, 1250, 'H', 0, '0.00'),
(178, 0, '0618_MLAGPEC00002S_US000023CN_DDP', 1250, 1250, 'N', 0, '0.00'),
(179, 0, '0618_MLAGPEC00002S_US000023CN_DDP', 1250, 1250, 'H', 0, '0.00');

# Data population for orders
#INSERT INTO intuglo.ship_orders (`order_id`, `booking_date`, `confirmation_date`, `weight`, `cbm`, `booking_price_a`, `booking_price_b`, `booking_price_gst`, `booking_price_total`, `closing_price_a`, `closing_price_b`, `closing_price_gst`, `closing_price_total`, `cargo_status_code`, `payment_status_code`, `custom_status_code`, `hs_code_id`, `login_id`, `tc_id`, `quotation_id`, `consignor_company_name`, `consignor_contact_person`, `consignor_contact_number`, `consignor_email`, `consignor_delivery_address`, `consignee_company_name`, `consignee_contact_person`, `consignee_contact_number`, `consignee_email`, `consignee_delivery_address`, `four_digit_hs_code`, `cargo_description`, `consignor_merchandise_value`, `consignee_merchandise_value`, `quantity`, `tracking_number`, `consignor_commercial_value`, `consignee_commercial_value`, `consignor_billing_address`, `consignee_billing_address`, `logistic_provider`, `bill_of_loading`, `packing_details`, `consignor_shipper`, `consignee_shipper`, `custom_agent_id`, `button_code`, `order_pdf_url`, `container_id`, `halal_status`, `duties_and_tax`) VALUES
#('MY000001CH_MLMCTXS00001C_0518', '2018-06-30', '2018-07-10', 20, 50, '200.00', '200.00', '23.00', '200.00', '200.00', '200.00', '23.00', '223.00', 'ORDERPLACED', 'ORDERBOOKED', 'ORDERPLACED', 9, 3, 2, '0618_MLAGPEC00002S_MY000001CH_FOB', 'Tiger-Smart SDN BHD', '', '', 'tigerenterprice@yahoo.com', '', '', '', '', '', '', '', '', 0, 0, 1, '0', 0, 0, '0', '0', '0', '0', '0', '0', '0', '1', 8388607, 'http://162.251.84.19:3000/user/booking.html', 1, 'H', '0.00');




INSERT INTO ship_quotation_handling_charges (quotation_id,charges_description, amount, charges_location, unit_of_measure_id)
VALUES ('0618_MLAGPEC00002S_MY000015CH_FOB', 'per_cbm', '2', 'D', '1'),
('0618_MLAGPEC00002S_MY000015CH_FOB', 'per_shipment', '200', 'D', '2'),
('0618_MLAGPEC00002S_MY000015CH_FOB', 'per_container', '50', 'D', '1'),
('0618_MLAGPEC00002S_MY000015CH_FOB', 'per_order', '10', 'D', '1');
UPDATE ship_quotations set total_people_per_shipment = 0,total_req_cbm_per_shipment = 0 where quotation_id = '0618_MLAGPEC00002S_MY000015CH_FOB';


# Data population for hs_set table
INSERT INTO intuglo.hs_set(`hs_code_set_list_id`, `hs_code_set`, `hs_chapter`, `container_type`) VALUES 
('1', NULL, '01',NULL),
('2', 'HS7', '02', '2'),
('3', 'HS7', '03', '2'),
('4', 'HS5', '04', '1'),
('5', 'HS8', '04', '2'),
('6', 'HS9', '04', '3'),
('7', 'HS7', '05', '2'),
('8', NULL, '06', NULL),  
('9', 'HS8', '07', '2'),
('10', 'HS9', '07', '3'),
('11', 'HS8', '08', '2'),
('12', 'HS7', '09', '1'),
('13', 'HS5', '10', '1'),
('14', 'HS5', '11', '1'),
('15', 'HS5', '12', '1'),
('16', 'HS5', '13', '1'),
('17', 'HS5', '14', '1'),
('18', 'HS9', '14', '3'),
('19', 'HS7', '16', '2'),
('20', 'HS7', '16', '2'),
('21', 'HS5', '17', '1'),
('22', 'HS5', '18', '1'),
('23', 'HS5', '19', '1'),
('24', 'HS5', '20', '1'),
('25', 'HS5', '21', '1'),
('26', 'HS5', '22', '1'),
('27', 'HS9', '22', '3'),
('28', NULL, '23', NULL),
('29', 'HS5', '24', '1'),
('30', 'HS4', '25', '1'),
('31', 'HS4', '26', '1'),
('32', 'HS4', '27', '1'),
('33', 'HS4', '28', '1'),
('34', 'HS4', '29', '1'),
('35', 'HS1', '30', '1'),
('36', 'HS10', '30', '3'),
('37', NULL, '31', NULL),
('38', NULL, '32', NULL),
('39', 'HS1', '33', '1'),
('40', 'HS10', '33', '3'),
('41', 'HS4', '34', '1'),
('42', 'HS4', '35', '1'),
('43', 'HS6', '36', '1'),
('44', NULL, '37', NULL),
('45', NULL, '38', NULL),
('46',NULL, '39', NULL),
('47', NULL, '40', NULL),
('48', 'HS1', '41', '1'),
('49', 'HS1', '42', '1'),
('50', 'HS1', '43', '1'),
('51', 'HS1', '45', '1'),
('52', 'HS1', '46', '1'),
('53', 'HS1', '47', '1'),
('54', 'HS1', '48', '1'),
('55', 'HS1', '49', '1'),
('56', 'HS1', '50', '1'),
('57', 'HS1', '51', '1'),
('58', 'HS1', '52', '1'),
('59', 'HS1', '53', '1'),
('60', 'HS1', '54', '1'),
('61', 'HS1', '55', '1'),
('62', 'HS1', '56', '1'),
('63', 'HS1', '57', '1'),
('64', 'HS1', '58', '1'),
('65', 'HS1', '59', '1'),
('66', 'HS1', '60', '1'),
('67', 'HS1', '61', '1'),
('68', 'HS1', '62', '1'),
('69', 'HS1', '63', '1'),
('70', 'HS1', '64', '1'),
('71', 'HS1', '65', '1'),
('72', 'HS1', '66', '1'),
('73', 'HS1', '67', '1'),
('74', 'HS2', '68', '1'),
('75', 'HS2', '69', '1'),
('76', 'HS1', '70', '1'),
('77', 'HS1', '71', '1'),
('78', 'HS2', '72', '1'),
('79', 'HS2', '73', '1'),
('80', 'HS2', '74', '1'),
('81', 'HS2', '75', '1'),
('82', 'HS2', '76', '1'),
('83', 'HS2', '77', '1'),
('84', 'HS2', '78', '1'),
('85', 'HS2', '79', '1'),
('86', 'HS2', '80', '1'),
('87', 'HS2', '81', '1'),
('88', 'HS1', '82', '1'),
('89', 'HS2', '83', '1'),
('90', 'HS6', '84', '1'),
('91', NULL, '85', NULL),
('92', 'HS3', '86', '1'),
('93', 'HS3', '87', '1'),
('94', 'HS3', '88', '1'),
('95', 'HS3', '89', '1'),
('96', NULL, '90', NULL),
('97', 'HS1', '91', '1'),
('98', 'HS1', '92', '1'),
('99', 'HS6', '93', '1'),
('100', 'HS1', '94', '1'),
('101', 'HS1', '95', '1'),
('102', NULL, '96', NULL),
('103', 'HS1', '97', '1'),
('104', NULL, '98', NULL),
('105', 'HS2', '99', '1'),
('106', 'HS7', '99', '2'),
('107', 'HS9', '99', '3');



# Data population for platforms table
INSERT INTO intuglo.platforms(`platform_id`, `platform_name`, `is_active`, `orders`) VALUES 
('1', 'Logistic Solution', '1','2'),
('2', 'Warehouse Solution', '1', '2'),
('3', 'QC for Hire Solution', '1', '3'),
('4', 'Production Management Solution', '1', '12'),
('5', 'Omni-Channel Solution', '1', '31'),
('6', '27/7 Showcase Solution', '1', '3'),
('7', 'E-Procurement', '1', '12'),
('8', 'Market Validation Solution', '1', '31'),
('9', 'Project Management Solution', '1', '3');